,Ticker,Date,Length(days),Total Trades,Total Quotes,Mean Returns(Trades),Mean Returns(Quotes),Trade Quote Ratio,Median Returns(Trades),Median Returns(Quote),Standard Deviation(Trades),Standard Deviation(Quotes),Mean Absolute Deviation(Trades),Mean Absolute Deviation(Quotes),Skew(Trades),Skew(Quotes),Kurtosis(Trades),Kurtosis(Quotes),10 Largest Returns(Trades),10 Largest Returns(Quotes),10 Smallest Returns(Trades),10 Smallest Returns(Quotes),Maximum Drawdown(Trades),Maximum Drawdown(Quotes)
0,SUNW,20070620,1,25645,35006,-0.06863,-0.06242,0.73259,0.0,0.0,0.69477,0.64333,0.4914,0.4914,1.92229,1.3687,7.32625,4.10728,"[0.24696 0.24696 0.4914  0.4914  0.4914  0.4914  0.49392 0.59976 0.98784
 2.97612]","[0.4914  0.4914  0.4914  0.4914  0.4914  0.49392 0.49392 0.49392 0.98532
 2.47716]","[-1.47924 -0.9828  -0.98028 -0.74088 -0.59976 -0.49392 -0.49392 -0.4914
 -0.4914  -0.4914 ]","[-0.98784 -0.9828  -0.98028 -0.98028 -0.98028 -0.49392 -0.49392 -0.49392
 -0.49392 -0.4914 ]",-1.0285,-1.0
1,SUNW,20070621,2,57582,76247,0.05111,0.05098,0.7552,0.0,0.0,0.54971,0.42886,0.4914,0.48888,-0.29915,0.03817,-0.97538,-0.16909,"[0.49392 0.49644 0.49644 0.49644 0.7308  0.73332 0.73836 0.74088 0.8694
 0.98784]","[0.4914  0.4914  0.49392 0.49392 0.49392 0.49644 0.49644 0.49644 0.98028
 0.99036]","[-0.98532 -0.97524 -0.97272 -0.7434  -0.7434  -0.49392 -0.4914  -0.4914
 -0.4914  -0.4914 ]","[-0.98028 -0.49644 -0.49644 -0.49392 -0.49392 -0.4914  -0.48888 -0.48888
 -0.48636  0.     ]",-0.99999,-0.99735
2,SUNW,20070622,3,76506,107010,-0.03114,-0.03761,0.71494,0.0,0.0,0.51598,0.40784,0.4914,0.0,-0.27767,-0.12002,0.2611,0.33271,"[0.4914  0.4914  0.4914  0.49392 0.49392 0.49392 0.49392 0.74088 0.98028
 0.98784]","[0.      0.      0.4914  0.4914  0.4914  0.4914  0.49392 0.49392 0.49392
 0.98784]","[-1.47672 -1.008   -0.73836 -0.49392 -0.4914  -0.4914  -0.4914  -0.4914
 -0.4914  -0.4914 ]","[-0.98532 -0.98028 -0.49392 -0.49392 -0.4914  -0.4914  -0.4914  -0.4914
 -0.4914  -0.4914 ]",-1.00693,-0.99995
3,SUNW,20070625,4,101127,143642,-0.08885,-0.08898,0.70402,0.0,0.0,0.55266,0.42036,0.49644,0.0,0.35071,-0.14689,0.41126,0.51081,"[0.24948 0.24948 0.49644 0.49644 0.49896 0.49896 0.50148 0.50148 0.9954
 1.512  ]","[0.      0.      0.      0.      0.49644 0.49644 0.49644 0.49896 0.49896
 1.008  ]","[-0.9954  -0.9954  -0.99288 -0.99288 -0.98784 -0.74844 -0.504   -0.50148
 -0.50148 -0.50148]","[-0.99792 -0.99288 -0.99036 -0.50148 -0.50148 -0.49896 -0.49896 -0.49644
 -0.49644 -0.49644]",-1.0,-1.0
4,SUNW,20070626,5,131771,185454,0.00123,0.0137,0.71053,0.0,0.0,0.80067,0.68298,0.49644,0.49896,-0.4828,-0.70912,1.15018,0.49488,"[0.50148 0.50148 0.504   0.504   0.99288 0.99288 1.00296 1.49688 1.4994
 1.50696]","[0.50148 0.50148 0.50148 0.50148 0.504   0.9954  0.99792 0.99792 1.00296
 1.00296]","[-2.4948  -1.48932 -1.00044 -1.00044 -0.99792 -0.99036 -0.49896 -0.49896
 -0.49644 -0.49644]","[-1.99836 -1.4994  -0.99792 -0.99288 -0.50148 -0.50148 -0.49896 -0.49644
 -0.49644 -0.49644]",-1.00088,-2.12587
5,SUNW,20070627,6,160472,224427,0.0524,0.03922,0.71503,0.0,0.0,0.78812,0.69218,0.49644,0.49644,0.79041,0.51695,1.59174,2.02704,"[0.49644 0.49644 0.49896 0.49896 0.99792 0.99792 1.00044 1.00296 2.016
 2.50488]","[0.49644 0.49896 0.49896 0.49896 0.49896 0.49896 0.50148 1.00044 2.00088
 2.01348]","[-1.50192 -1.48428 -0.99792 -0.99792 -0.49896 -0.49896 -0.49896 -0.49896
 -0.49896 -0.49644]","[-1.50192 -1.4868  -0.99792 -0.99792 -0.49896 -0.49896 -0.49896 -0.49644
 -0.49644  0.     ]",-0.99896,-0.99792
6,SUNW,20070628,7,194306,268262,0.13905,0.13918,0.72431,0.0,0.0,0.44185,0.41733,0.48888,0.48888,-0.23408,-0.31617,0.07554,0.11947,"[0.4914  0.4914  0.49392 0.49392 0.49392 0.49644 0.49644 0.9828  0.98532
 0.99288]","[0.4914  0.49392 0.49392 0.49392 0.49644 0.49644 0.49644 0.49644 0.9828
 0.9954 ]","[-0.98784 -0.73584 -0.4914  -0.4914  -0.4914  -0.48888  0.       0.
  0.       0.     ]","[-0.99036 -0.49644 -0.4914  -0.4914  -0.4914  -0.48888  0.       0.
  0.       0.     ]",-0.98941,-0.99036
7,SUNW,20070629,8,236121,330784,0.08833,0.10041,0.71382,0.0,0.0,0.9065,0.87883,0.48132,0.47628,0.5081,0.32222,0.51096,0.21481,"[0.48132 0.48384 0.48636 0.9576  0.9576  0.96264 1.44648 1.449   2.39904
 2.43684]","[0.48132 0.48132 0.95508 0.9576  0.96264 0.97272 1.44396 1.44648 1.91772
 2.43432]","[-1.43892 -1.4364  -1.42884 -1.42632 -0.9576  -0.95004 -0.71316 -0.48636
 -0.48636 -0.48132]","[-1.43892 -1.4364  -1.42884 -1.42632 -0.9702  -0.95508 -0.48132 -0.4788
 -0.47628 -0.47628]",-3.76667,-2.05023
8,SUNW,20070702,9,266517,376986,-0.08536,-0.09789,0.70697,0.0,0.0,0.79262,0.76628,0.4788,0.4788,1.34916,1.20384,4.08787,4.24796,"[0.      0.24696 0.24696 0.3654  0.48384 0.4914  0.73332 0.73332 1.96056
 2.88036]","[0.      0.      0.48132 0.48888 0.48888 0.4914  0.4914  0.4914  1.46916
 2.87784]","[-1.70604 -1.4238  -1.2096  -0.95508 -0.73584 -0.7308  -0.72828 -0.62748
 -0.48888 -0.48636]","[-1.46664 -1.449   -1.42128 -0.97272 -0.97272 -0.96264 -0.95256 -0.4914
 -0.48888 -0.48132]",-1.4238,-1.42128
9,SUNW,20070703,10,281787,396160,0.11099,0.07607,0.7113,0.0,0.0,0.6213,0.49336,0.46998,0.24192,-0.27259,0.7478,0.70965,0.84372,"[0.      0.0252  0.45864 0.48384 0.48384 0.48636 0.48636 0.97272 1.0206
 1.45404]","[0.      0.24192 0.24192 0.48132 0.48636 0.48636 0.96768 0.9702  0.97272
 1.45152]","[-1.45404 -0.96264 -0.48384 -0.48132 -0.04788  0.       0.       0.
  0.       0.     ]","[-0.9702  -0.48384 -0.48384 -0.48132 -0.48132 -0.48132 -0.24192 -0.24192
  0.       0.     ]",-3.44444,-0.97721
10,SUNW,20070705,11,307719,432576,0.12342,0.13543,0.71136,0.0,0.0,0.72598,0.62122,0.47124,0.0,0.38479,0.98302,1.94716,3.87387,"[0.47628 0.47628 0.47628 0.945   0.95004 0.95004 0.95256 1.19448 1.43136
 2.40912]","[0.47124 0.47376 0.47376 0.47376 0.47376 0.95256 0.95256 0.95508 1.43388
 2.41164]","[-1.89756 -0.94752 -0.945   -0.47628 -0.47628 -0.47628 -0.47376 -0.47124
 -0.47124 -0.23688]","[-1.42632 -0.94752 -0.945   -0.47124  0.       0.       0.       0.
  0.       0.     ]",-5.76047,-2.62744
11,SUNW,20070706,12,337635,473166,0.09738,0.0849,0.71357,0.0,0.0,0.70839,0.61536,0.45864,0.46368,1.08405,1.22907,2.04136,1.03536,"[0.46368 0.46368 0.4662  0.4662  0.4662  0.46872 1.386   1.41876 1.86228
 2.3562 ]","[0.      0.46368 0.46368 0.4662  0.93492 0.93492 1.38852 1.39608 1.41624
 1.88244]","[-1.38852 -0.9324  -0.9198  -0.47124 -0.4662  -0.4662  -0.46116 -0.46116
 -0.45864 -0.441  ]","[-0.92232 -0.46872 -0.4662  -0.4662  -0.4662  -0.4662  -0.46368 -0.46368
 -0.46368 -0.46368]",-1.0066,-0.99953
12,SUNW,20070709,13,371818,517357,-0.05958,-0.04769,0.71869,0.0,0.0,0.51358,0.39444,0.23688,0.0,0.25434,0.19236,1.25637,0.90681,"[0.04536 0.23436 0.23688 0.42588 0.46368 0.47124 0.47376 0.9324  0.945
 1.40112]","[0.      0.      0.      0.      0.4662  0.47124 0.47124 0.47376 0.9324
 0.94248]","[-1.40616 -0.945   -0.92736 -0.47124 -0.46872 -0.4662  -0.4662  -0.4662
 -0.4662  -0.46368]","[-0.94248 -0.93744 -0.47124 -0.47124 -0.46872 -0.4662  -0.4662  -0.4662
 -0.46368 -0.46368]",-1.00186,-0.99995
13,SUNW,20070710,14,410467,569602,-0.01066,-0.02242,0.72062,0.0,0.0,0.82596,0.91757,0.46872,0.46872,-1.28842,-1.21613,4.4658,5.40024,"[0.47124 0.47124 0.47124 0.47124 0.47628 0.93996 0.95004 1.41876 1.41876
 1.47672]","[0.46872 0.47124 0.47124 0.47376 0.47628 0.94248 0.94248 1.41624 1.89252
 1.90764]","[-3.29112 -1.0584  -0.9954  -0.93744 -0.93492 -0.8442  -0.47124 -0.47124
 -0.47124 -0.46872]","[-3.75732 -0.94752 -0.93996 -0.93996 -0.93744 -0.93492 -0.47124 -0.47124
 -0.46872 -0.46872]",-0.95728,-0.0
14,SUNW,20070711,15,433252,599787,0.02539,0.03076,0.72234,0.0,0.0,0.73636,0.5563,0.47124,0.0,-1.0758,-1.33024,4.54505,8.03311,"[0.47124 0.47124 0.47124 0.47124 0.47376 0.945   0.945   0.945   0.94752
 1.90512]","[0.      0.      0.23436 0.47124 0.47124 0.47124 0.47124 0.47376 1.41876
 1.42884]","[-2.82492 -1.41372 -0.47124 -0.47124 -0.47124 -0.47124 -0.47124 -0.46872
 -0.46872 -0.46872]","[-2.3562  -0.94248 -0.47124 -0.47124  0.       0.       0.       0.
  0.       0.     ]",-0.7957,-0.0
15,SUNW,20070712,16,455519,641063,0.05447,0.05421,0.71057,0.0,0.0,0.46168,0.35799,0.46872,0.0,-0.17597,0.25073,-0.58602,1.39003,"[0.46872 0.47124 0.47124 0.47124 0.47124 0.47124 0.47124 0.70056 0.93744
 0.945  ]","[0.      0.      0.46872 0.46872 0.47124 0.47124 0.47124 0.70308 0.93492
 0.93744]","[-0.93744 -0.9324  -0.47124 -0.47124 -0.47124 -0.47124 -0.47124 -0.46872
 -0.46872 -0.4662 ]","[-0.93996 -0.46872 -0.46872 -0.46872 -0.4662   0.       0.       0.
  0.       0.     ]",-0.99969,-0.99095
16,SUNW,20070713,17,474614,677302,-0.06539,-0.0597,0.70074,0.0,0.0,0.5325,0.38493,0.46872,0.0,-1.41845,-1.41563,2.14327,2.87441,"[0.46872 0.46872 0.46872 0.46872 0.47124 0.47124 0.47124 0.47124 0.47124
 0.47124]","[0.      0.      0.      0.      0.46872 0.46872 0.46872 0.46872 0.47124
 0.47124]","[-1.87236 -1.39608 -0.93492 -0.9324  -0.70308 -0.47124 -0.47124 -0.46872
 -0.46872 -0.23436]","[-1.40616 -0.93492 -0.92988 -0.46872 -0.46872 -0.46872 -0.46872  0.
  0.       0.     ]",-1.58173,-1.00359
17,SUNW,20070716,18,494580,718735,-0.04775,-0.06016,0.68813,0.0,0.0,0.63364,0.45404,0.35532,0.0,-0.85616,-0.91691,3.69603,6.98465,"[0.47124 0.47124 0.47376 0.47376 0.47376 0.47376 0.47376 0.70812 0.945
 1.6506 ]","[0.      0.      0.      0.      0.      0.      0.47124 0.47124 0.47376
 1.41372]","[-2.34108 -1.4112  -0.93996 -0.47376 -0.47376 -0.47376 -0.47376 -0.47124
 -0.47124 -0.35532]","[-1.87488 -0.93996 -0.47376 -0.47376 -0.47124 -0.47124 -0.47124  0.
  0.       0.     ]",-0.99589,-2.89372
18,SUNW,20070717,19,519800,760841,-0.06042,-0.04827,0.68319,0.0,0.0,0.55065,0.547,0.47376,0.0,-0.4407,0.61009,0.04039,1.08789,"[0.47376 0.47376 0.47628 0.4788  0.4788  0.4788  0.4788  0.4788  0.94752
 0.95256]","[0.      0.      0.      0.47376 0.4788  0.4788  0.4788  0.9576  1.42128
 1.43136]","[-1.42632 -1.42128 -0.95508 -0.47628 -0.47628 -0.47628 -0.47628 -0.47376
 -0.47376 -0.47376]","[-0.95256 -0.95256 -0.94752 -0.94752 -0.94248 -0.4788  -0.4788  -0.4788
 -0.47628 -0.47376]",-1.07051,-1.0
19,SUNW,20070718,20,548703,812296,0.00078,0.00052,0.6755,0.0,0.0,0.62396,0.55388,0.4788,0.0,-0.39656,-0.48968,1.00828,1.404,"[0.4788  0.4788  0.4788  0.48132 0.48132 0.5418  0.95508 0.9576  0.96264
 1.449  ]","[0.4788  0.4788  0.4788  0.4788  0.48132 0.48132 0.48132 0.48132 0.95508
 1.449  ]","[-1.91268 -0.96264 -0.95508 -0.95004 -0.48132 -0.48132 -0.4788  -0.4788
 -0.4788  -0.4788 ]","[-1.44144 -1.4364  -0.95508 -0.95256 -0.48132 -0.48132 -0.4788  -0.47628
  0.       0.     ]",-1.00548,-1.01238
20,SUNW,20070719,21,581325,860742,0.1344,0.13414,0.67538,0.0,0.0,0.70173,0.63998,0.4662,0.4662,0.39194,-0.11688,1.2337,0.91921,"[0.46872 0.47124 0.4788  0.4788  0.9324  0.93492 0.93744 0.945   1.08612
 2.39148]","[0.46872 0.46872 0.46872 0.47124 0.93996 0.945   0.94752 0.94752 0.95004
 1.91016]","[-1.3986  -1.09116 -0.93744 -0.9324  -0.46872 -0.46872 -0.4662  -0.4662
 -0.4662  -0.4662 ]","[-1.41624 -1.3986  -0.9324  -0.47124 -0.46872 -0.46872 -0.4662  -0.4662
 -0.4662   0.     ]",-2.65535,-7.98145
21,SUNW,20070720,22,604191,895717,-0.07166,-0.07198,0.67453,0.0,0.0,0.56897,0.47095,0.38304,0.4662,0.23444,0.62812,-0.08937,1.33272,"[0.23688 0.38304 0.46872 0.47124 0.47124 0.47376 0.70812 0.94248 0.945
 1.41372]","[0.      0.      0.      0.46872 0.47124 0.47124 0.47124 0.47124 0.945
 1.41372]","[-0.945   -0.94248 -0.93996 -0.93996 -0.93744 -0.93744 -0.93492 -0.59472
 -0.47124 -0.47124]","[-0.93996 -0.93744 -0.93492 -0.47124 -0.47124 -0.47124 -0.47124 -0.47124
 -0.47124 -0.47124]",-1.0,-0.99999
22,SUNW,20070723,23,624152,946473,-0.07024,-0.07276,0.65945,0.0,0.0,0.54882,0.46136,0.4662,0.0,0.0669,-0.86064,1.01776,2.53594,"[0.      0.23184 0.47124 0.47124 0.47124 0.47376 0.47376 0.945   0.94752
 1.41876]","[0.      0.      0.      0.      0.      0.47124 0.47124 0.47124 0.945
 0.94752]","[-1.42128 -1.33308 -0.945   -0.51912 -0.47124 -0.47124 -0.47124 -0.47124
 -0.47124 -0.47124]","[-1.42884 -1.41876 -0.94248 -0.47124 -0.47124 -0.47124 -0.47124 -0.46872
  0.       0.     ]",-1.00095,-1.00526
23,SUNW,20070724,24,650465,995596,-0.06358,-0.06132,0.65334,0.0,0.0,0.50209,0.48594,0.47628,0.4788,0.00335,-0.38621,1.45599,0.10736,"[0.2394  0.38304 0.4788  0.4788  0.48132 0.48132 0.48384 0.48636 0.48636
 1.449  ]","[0.4788  0.4788  0.4788  0.48132 0.48132 0.48132 0.48384 0.48384 0.48384
 0.96516]","[-1.4364  -0.96768 -0.96012 -0.48384 -0.48384 -0.48132 -0.48132 -0.48132
 -0.4788  -0.4788 ]","[-1.4364  -0.96768 -0.71568 -0.48384 -0.48132 -0.48132 -0.48132 -0.48132
 -0.48132 -0.48132]",-1.10994,-1.07177
24,SUNW,20070725,25,680321,1059562,0.03793,0.03767,0.64208,0.0,0.0,0.6382,0.56367,0.46116,0.48384,0.0833,0.04808,-0.59956,-0.61447,"[0.48636 0.48636 0.48636 0.70308 0.72576 0.96516 0.96768 0.96768 1.21716
 1.45908]","[0.48384 0.48384 0.48636 0.48636 0.96516 0.96768 0.96768 0.97272 0.97272
 0.97524]","[-0.9702  -0.9702  -0.9702  -0.96516 -0.94248 -0.8442  -0.72576 -0.72576
 -0.72324 -0.24192]","[-0.9702  -0.96768 -0.96768 -0.96768 -0.48636 -0.48636 -0.48384 -0.48384
 -0.48384 -0.48132]",-1.0,-1.0
25,SUNW,20070726,26,716557,1112701,-0.27468,-0.28747,0.64398,-0.48636,-0.48636,1.08612,1.02461,0.504,0.49644,-0.27308,-0.49359,0.6963,1.11609,"[0.49392 0.49392 0.49896 0.504   0.99288 1.00548 1.01052 1.50948 1.96812
 2.00088]","[0.49392 0.49392 0.49644 0.49896 0.504   0.504   1.00548 1.4994  1.50948
 1.9656 ]","[-3.36672 -2.44188 -2.0034  -1.48932 -1.48176 -1.00296 -1.00044 -0.99288
 -0.99036 -0.98532]","[-3.3642  -2.43936 -2.00088 -1.48932 -1.48176 -1.00044 -1.00044 -0.99288
 -0.9828  -0.97524]",-1.0,-1.00005
26,SUNW,20070727,27,749198,1166825,-0.11527,-0.10267,0.64208,0.0,0.0,0.91587,0.80784,0.50652,0.50652,-0.02315,0.4623,-0.02099,1.46353,"[0.50904 0.55692 0.74844 0.89964 0.99288 0.99792 1.01556 1.01556 1.01808
 2.268  ]","[0.50652 0.50652 0.50652 0.50652 0.50652 0.50904 0.99792 1.01556 1.01808
 2.52252]","[-2.02104 -1.98828 -1.5246  -1.51704 -1.50696 -1.00548 -1.00296 -0.99036
 -0.50652 -0.50652]","[-1.9908  -1.51704 -1.01808 -1.01304 -1.01304 -1.00548 -1.00548 -0.99036
 -0.50652 -0.50652]",-1.17865,-1.00273
27,SUNW,20070730,28,792199,1220668,-0.07715,-0.09046,0.64899,-0.13104,0.0,0.97118,0.97039,0.65268,0.52164,-0.11763,-0.43551,0.01376,1.02259,"[0.52416 1.03824 1.03824 1.04328 1.0458  1.04832 1.12644 1.30284 1.53468
 2.09664]","[0.52164 0.52416 1.03824 1.03824 1.04328 1.0458  1.0458  1.04832 1.53216
 2.09412]","[-2.54016 -2.0538  -1.58256 -1.0458  -1.03824 -1.0332  -1.01808 -0.91224
 -0.52164 -0.52164]","[-3.04416 -2.07144 -1.54224 -1.04328 -1.03824 -1.0332  -0.52416 -0.52416
 -0.52164 -0.52164]",-2.54016,-3.04416
28,SUNW,20070731,29,880253,1325322,0.38795,0.3906,0.66418,0.0,-0.48132,4.58219,4.71721,0.96516,0.94752,5.20993,5.20142,28.13274,28.17058,"[ 0.48636  0.96264  0.96516  0.96516  0.9702   1.45908  1.47168  1.94292
  2.4318  27.42516]","[ 0.96516  0.96768  0.96768  0.96768  0.97524  1.45404  1.46916  1.94796
  1.96308 28.22904]","[-4.66704 -2.38644 -1.94544 -1.93536 -1.92528 -1.46412 -1.449   -1.44648
 -1.44396 -1.42632]","[-5.35752 -2.8602  -1.94796 -1.93536 -1.46412 -1.4616  -1.449   -1.42884
 -0.97272 -0.96768]",-4.66704,-5.35752
29,SUNW,20070801,30,926918,1403253,-0.04937,-0.03683,0.66055,0.0,0.0,0.71681,0.68375,0.49392,0.49392,0.26284,0.35964,0.26967,0.52253,"[0.49392 0.49392 0.49392 0.5418  0.73836 0.7434  0.74592 0.74592 1.24236
 1.98324]","[0.49392 0.49392 0.49392 0.49644 0.49644 0.49644 0.98784 0.99036 0.99288
 1.98324]","[-1.4742  -1.4742  -0.98784 -0.98532 -0.9828  -0.97776 -0.49896 -0.49644
 -0.49644 -0.49392]","[-1.4742  -1.22724 -0.99036 -0.99036 -0.9828  -0.73584 -0.49392 -0.49392
 -0.49392 -0.49392]",-1.80189,-2.06399
30,SUNW,20070802,31,968460,1457221,0.03916,0.0389,0.66459,0.0,0.0,0.79594,0.69767,0.4914,0.4914,0.27595,0.09185,-0.42753,0.64866,"[0.49392 0.49392 0.49392 0.63504 0.9828  0.98532 1.22976 1.46412 1.48176
 1.96812]","[0.4914  0.4914  0.49392 0.49392 0.49392 0.49392 0.49392 0.97776 1.4742
 1.97568]","[-1.47168 -1.2222  -0.9828  -0.9828  -0.98028 -0.97524 -0.97272 -0.63504
 -0.4914  -0.4914 ]","[-1.46916 -1.46664 -0.9828  -0.97776 -0.97524 -0.4914  -0.4914  -0.4914
 -0.4914  -0.4914 ]",-1.01579,-1.01735
31,SUNW,20070803,32,1009889,1514337,-0.24438,-0.25594,0.66689,0.0,0.0,0.56477,0.50813,0.49644,0.49392,-0.38364,-0.66053,1.39896,2.61575,"[0.      0.      0.      0.      0.      0.49896 0.49896 0.51156 0.98532
 1.00296]","[0.      0.      0.      0.      0.      0.      0.49392 0.49896 0.50148
 1.02312]","[-2.0286  -1.00296 -0.99792 -0.99288 -0.98784 -0.9828  -0.50652 -0.504
 -0.504   -0.50148]","[-2.03112 -1.01052 -0.99792 -0.98028 -0.50904 -0.504   -0.504   -0.50148
 -0.50148 -0.50148]",-1.0,-1.0
32,SUNW,20070806,33,1049598,1569704,0.00252,0.00065,0.66866,0.0,0.0,0.74608,0.61101,0.51156,0.51156,-0.19972,-0.07867,-0.17556,-0.38031,"[0.51156 0.76608 1.01556 1.02312 1.02564 1.02564 1.02564 1.02564 1.071
 1.3734 ]","[0.51156 0.51156 0.51156 0.51156 0.51156 1.01808 1.0206  1.0206  1.02564
 1.02816]","[-2.02356 -1.02312 -1.0206  -1.0206  -1.01304 -0.76356 -0.76356 -0.51156
 -0.51156 -0.50904]","[-1.51956 -1.01808 -1.01808 -0.51156 -0.51156 -0.51156 -0.51156 -0.51156
 -0.51156 -0.51156]",-1.01256,-1.04047
33,SUNW,20070807,34,1088495,1630294,0.06914,0.08167,0.66767,0.0,0.0,1.42058,1.38737,0.76104,0.50904,1.14033,1.63922,2.36876,4.60061,"[0.76104 0.89208 0.91476 1.0206  1.0206  1.51452 2.016   2.5452  3.0618
 5.04   ]","[0.50904 0.50904 1.008   1.01808 1.0206  1.0206  1.50948 2.54268 3.06432
 5.54904]","[-2.49984 -2.0034  -1.98828 -1.52208 -1.52208 -1.386   -1.01808 -1.00296
 -0.9828  -0.88452]","[-2.49732 -1.98324 -1.51956 -1.50444 -1.01556 -1.008   -0.98784 -0.76356
 -0.76104 -0.50904]",-1.017,-1.01196
34,SUNW,20070808,35,1124382,1679568,-0.01144,-0.0117,0.66945,0.0,0.0,0.86463,0.75169,0.504,0.0,1.2898,1.31509,6.46728,5.89455,"[0.0252  0.504   0.504   0.504   0.50652 0.50904 1.01304 1.01304 1.512
 3.53556]","[0.      0.      0.      0.50148 0.50652 0.50652 0.50652 1.01556 1.51452
 3.02652]","[-2.48472 -1.0332  -1.00296 -0.50652 -0.50652 -0.504   -0.504   -0.504
 -0.504   -0.504  ]","[-1.99332 -1.008   -1.008   -1.00548 -0.50652 -0.504   -0.504   -0.50148
 -0.50148 -0.50148]",-2.48472,-1.99332
35,SUNW,20070809,36,1180319,1743967,-0.2363,-0.2498,0.6768,0.0,0.0,0.81904,0.74693,0.51912,0.51408,-0.4352,-0.23045,0.33989,2.82469,"[0.46872 0.49644 0.51156 0.51912 0.52416 0.52668 0.66528 0.77364 1.05336
 1.575  ]","[0.      0.      0.      0.25956 0.5166  0.51912 0.52164 0.52668 0.52668
 2.10168]","[-2.6082  -1.56744 -1.51704 -1.30032 -1.03824 -1.03572 -1.0332  -1.02816
 -1.02312 -0.97272]","[-2.60568 -1.76904 -1.0458  -1.04076 -1.03824 -1.03068 -1.02564 -0.77616
 -0.76356 -0.52416]",-1.00136,-1.02261
36,SUNW,20070810,37,1251647,1826837,-0.18325,-0.16949,0.68514,0.0,0.0,2.01234,2.00404,1.07604,1.07856,-1.80958,-1.68852,5.1141,4.08603,"[1.0962  1.11384 1.37592 1.53972 1.6254  1.68084 2.205   2.23524 2.50236
 2.72664]","[1.0962  1.10124 1.1088  1.11636 1.60272 1.67328 2.15712 2.22264 2.72916
 2.7594 ]","[-8.39916 -3.843   -3.80268 -2.14452 -2.12688 -1.66572 -1.65816 -1.60776
 -1.07856 -1.07604]","[-7.88256 -4.38732 -4.33944 -2.65608 -1.6632  -1.65564 -1.61028 -1.07352
 -0.81144 -0.54684]",-43.7833,-274.75785
37,SUNW,20070813,38,1288746,1873951,0.13938,0.12529,0.68772,0.0,0.0,1.13043,0.94794,0.52668,0.52668,1.85106,2.33086,4.69331,6.99953,"[0.52668 0.5292  0.53172 0.53172 0.5796  1.05336 1.05588 1.06344 3.78504
 4.26132]","[0.52668 0.52668 0.52668 0.52668 0.5292  0.5292  0.53172 0.53172 3.45996
 3.78252]","[-1.47672 -1.4742  -1.05084 -1.05084 -1.04832 -0.63252 -0.5796  -0.53172
 -0.53172 -0.5292 ]","[-1.57752 -1.05588 -0.5292  -0.5292  -0.5292  -0.52668 -0.52668 -0.52668
 -0.52668 -0.52668]",-1.07571,-1.66285
38,SUNW,20070814,39,1322473,1923353,-0.09402,-0.0946,0.68759,0.0,0.0,0.91676,0.78757,0.53676,0.53424,-0.07171,0.16921,-0.07765,0.29808,"[0.53676 0.64512 0.71064 0.882   0.96768 1.06344 1.071   1.07352 1.45404
 2.1168 ]","[0.53424 0.53424 0.53676 0.53676 0.53676 0.53676 1.05588 1.06848 1.071
 2.11932]","[-2.09916 -1.9782  -1.59516 -1.58508 -1.071   -1.06596 -1.0584  -0.78876
 -0.6426  -0.53676]","[-1.6002  -1.59264 -1.57752 -1.06596 -1.06344 -1.0584  -1.05084 -0.53676
 -0.53676 -0.53676]",-5.07038,-2.81564
39,SUNW,20070815,40,1350973,1958954,-0.04058,-0.02701,0.68964,0.0,0.0,0.68785,0.54517,0.53676,0.0,0.62068,1.45853,1.0963,5.10242,"[0.53676 0.53676 0.53676 0.53928 0.53928 0.5418  0.8064  1.0458  1.07352
 2.1672 ]","[0.      0.      0.      0.      0.53676 0.53676 0.53928 0.5418  1.07352
 2.16468]","[-1.34064 -1.07856 -1.07352 -1.07352 -1.04076 -0.5418  -0.53928 -0.53928
 -0.53676 -0.53676]","[-1.07856 -1.07352 -0.53928 -0.53928 -0.53676 -0.53676 -0.53676 -0.53676
 -0.53424 -0.53424]",-1.03884,-1.51551
40,SUNW,20070816,41,1404861,2088243,0.08536,0.08523,0.67275,0.0,0.0,1.17405,1.1575,0.53928,0.53676,0.45383,0.35756,1.50719,2.76728,"[0.5418  0.54432 1.08108 1.0836  1.0836  1.35072 1.60776 1.61532 2.24532
 3.82536]","[0.53928 0.53928 0.5418  0.5418  1.07604 1.08108 1.0836  1.61028 2.6964
 3.8304 ]","[-2.70396 -1.69092 -1.61784 -1.61532 -1.6128  -1.07352 -1.06344 -0.53928
 -0.53928 -0.53928]","[-3.24072 -1.61784 -1.61028 -1.6002  -1.07856 -1.07352 -0.80892 -0.53676
 -0.53676 -0.53172]",-1.94482,-1.93939
41,SUNW,20070817,42,1442099,2170385,0.06894,0.05693,0.66444,0.0,0.0,1.19544,1.1152,0.53172,0.52164,1.54136,2.17135,8.54351,11.19735,"[0.53172 0.53172 0.53172 0.53172 0.53172 0.53172 1.0458  1.11888 1.60272
 5.33988]","[0.5292  0.53172 0.53172 0.53172 0.53172 0.53172 0.53424 1.06344 1.33308
 5.33232]","[-3.1626  -2.09664 -1.5624  -0.66276 -0.55692 -0.53172 -0.53172 -0.53172
 -0.53172 -0.53172]","[-2.63844 -2.09412 -1.06092 -1.04328 -0.53172 -0.53172 -0.5292  -0.5292
 -0.5292  -0.2646 ]",-6.30857,-1.2039
42,SUNW,20070820,43,1467630,2217149,0.07043,0.06823,0.66194,0.0,0.0,0.67684,0.59739,0.52164,0.52164,0.29075,0.17298,0.73176,-0.14338,"[0.52416 0.52416 0.52416 0.52668 0.52668 0.60732 0.98532 1.0458  1.0584
 2.1042 ]","[0.52416 0.52416 0.52416 0.52668 0.52668 0.5292  1.05588 1.0584  1.06092
 1.57752]","[-1.4994  -1.04832 -1.0458  -0.57204 -0.52668 -0.52416 -0.52416 -0.52164
 -0.52164 -0.52164]","[-1.05588 -1.05336 -1.04328 -0.52416 -0.52416 -0.52416 -0.52416 -0.52164
 -0.52164 -0.52164]",-1.51743,-1.0816
43,SUNW,20070821,44,1487349,2253198,0.02746,0.02727,0.66011,0.0,0.0,0.60631,0.51242,0.52164,0.0,-0.22817,0.07254,0.53549,2.87107,"[0.52164 0.52164 0.52164 0.52164 0.52164 0.52416 0.52416 0.9576  1.03824
 1.56492]","[0.      0.      0.      0.52164 0.52164 0.52416 0.52416 1.03572 1.0458
 1.5624 ]","[-1.55484 -1.04328 -1.04076 -1.0332  -0.52164 -0.52164 -0.52164 -0.52164
 -0.52164 -0.52164]","[-1.55484 -1.03068 -0.52164 -0.52164 -0.52164 -0.52164  0.       0.
  0.       0.     ]",-1.0332,-1.03068
44,SUNW,20070822,45,1516640,2285967,0.01409,0.0274,0.66346,0.0,0.0,0.62566,0.61123,0.51408,0.0,1.48658,3.14635,5.38591,14.38818,"[0.51912 0.51912 0.51912 0.51912 0.51912 0.51912 0.52164 0.52164 0.77868
 2.60316]","[0.      0.      0.      0.5166  0.51912 0.51912 0.51912 0.51912 0.51912
 3.12732]","[-1.03824 -1.03572 -1.0332  -0.51912 -0.51912 -0.51912 -0.5166  -0.5166
 -0.5166  -0.51408]","[-1.03068 -0.51912 -0.51912 -0.51912 -0.51912 -0.5166  -0.5166  -0.5166
 -0.51408  0.     ]",-1.02451,-1.02265
45,SUNW,20070823,46,1552824,2335712,0.05447,0.05402,0.66482,0.0,0.0,0.83688,0.72323,0.51912,0.51912,0.19673,0.27133,0.05928,0.50095,"[0.52164 0.52416 0.52416 1.0332  1.03572 1.03824 1.03824 1.04328 1.55988
 2.32848]","[0.51912 0.51912 0.51912 0.52164 0.52416 0.77364 1.0332  1.0458  1.55736
 2.06892]","[-1.54476 -1.53972 -1.18692 -1.0458  -1.03572 -1.03572 -1.02816 -0.51912
 -0.51912 -0.5166 ]","[-1.54476 -1.0458  -1.04076 -1.03068 -1.02816 -0.77112 -0.51912 -0.51912
 -0.51912 -0.51912]",-1.05426,-1.00689
46,SUNW,20070824,47,1592385,2430590,0.15824,0.14506,0.65514,0.0,0.0,0.86438,0.84937,0.504,0.504,0.19318,0.33318,3.52419,3.32122,"[0.51156 0.51156 0.51156 0.5166  1.00548 1.01304 1.02816 1.25748 1.5246
 3.09204]","[0.51156 0.51156 0.51156 0.51408 1.00548 1.008   1.01052 1.03068 1.52208
 3.08952]","[-2.55024 -1.24992 -1.00296 -0.75096 -0.50904 -0.50904 -0.504   -0.504
 -0.49896 -0.252  ]","[-2.29572 -1.4994  -1.01808 -1.00548 -0.51408 -0.504   -0.504   -0.50148
  0.       0.     ]",-38.58319,-1.4994
47,SUNW,20070827,48,1631946,2525468,0.00155,0.00129,0.6462,0.0,0.0,0.8722,0.81255,0.504,0.504,-1.48248,-1.20537,3.26574,2.04024,"[0.50904 0.51156 0.51156 0.51156 0.5166  1.00548 1.01304 1.02816 1.25748
 1.5246 ]","[0.50904 0.51156 0.51156 0.51156 0.51408 1.00548 1.008   1.01052 1.03068
 1.52208]","[-3.01896 -2.55024 -1.24992 -1.00296 -0.75096 -0.50904 -0.50904 -0.504
 -0.504   -0.49896]","[-2.51748 -2.29572 -1.4994  -1.01808 -1.00548 -0.51408 -0.504   -0.504
 -0.50148  0.     ]",-1.17556,-87.24494
48,SUNW,20070828,49,1671507,2620346,0.00155,0.00129,0.6379,0.0,0.0,0.8722,0.81255,0.504,0.504,-1.48248,-1.20537,3.26574,2.04024,"[0.50904 0.51156 0.51156 0.51156 0.5166  1.00548 1.01304 1.02816 1.25748
 1.5246 ]","[0.50904 0.51156 0.51156 0.51156 0.51408 1.00548 1.008   1.01052 1.03068
 1.52208]","[-3.01896 -2.55024 -1.24992 -1.00296 -0.75096 -0.50904 -0.50904 -0.504
 -0.504   -0.49896]","[-2.51748 -2.29572 -1.4994  -1.01808 -1.00548 -0.51408 -0.504   -0.504
 -0.50148  0.     ]",-1.17556,-87.24494
49,SUNW,20070829,50,1711068,2715224,0.00155,0.00129,0.63018,0.0,0.0,0.8722,0.81255,0.504,0.504,-1.48248,-1.20537,3.26574,2.04024,"[0.50904 0.51156 0.51156 0.51156 0.5166  1.00548 1.01304 1.02816 1.25748
 1.5246 ]","[0.50904 0.51156 0.51156 0.51156 0.51408 1.00548 1.008   1.01052 1.03068
 1.52208]","[-3.01896 -2.55024 -1.24992 -1.00296 -0.75096 -0.50904 -0.50904 -0.504
 -0.504   -0.49896]","[-2.51748 -2.29572 -1.4994  -1.01808 -1.00548 -0.51408 -0.504   -0.504
 -0.50148  0.     ]",-1.17556,-87.24494
50,SUNW,20070830,51,1750629,2810102,0.00155,0.00129,0.62298,0.0,0.0,0.8722,0.81255,0.504,0.504,-1.48248,-1.20537,3.26574,2.04024,"[0.50904 0.51156 0.51156 0.51156 0.5166  1.00548 1.01304 1.02816 1.25748
 1.5246 ]","[0.50904 0.51156 0.51156 0.51156 0.51408 1.00548 1.008   1.01052 1.03068
 1.52208]","[-3.01896 -2.55024 -1.24992 -1.00296 -0.75096 -0.50904 -0.50904 -0.504
 -0.504   -0.49896]","[-2.51748 -2.29572 -1.4994  -1.01808 -1.00548 -0.51408 -0.504   -0.504
 -0.50148  0.     ]",-1.17556,-87.24494
51,SUNW,20070831,52,1790190,2904980,0.00155,0.00129,0.61625,0.0,0.0,0.8722,0.81255,0.504,0.504,-1.48248,-1.20537,3.26574,2.04024,"[0.50904 0.51156 0.51156 0.51156 0.5166  1.00548 1.01304 1.02816 1.25748
 1.5246 ]","[0.50904 0.51156 0.51156 0.51156 0.51408 1.00548 1.008   1.01052 1.03068
 1.52208]","[-3.01896 -2.55024 -1.24992 -1.00296 -0.75096 -0.50904 -0.50904 -0.504
 -0.504   -0.49896]","[-2.51748 -2.29572 -1.4994  -1.01808 -1.00548 -0.51408 -0.504   -0.504
 -0.50148  0.     ]",-1.17556,-87.24494
52,SUNW,20070904,53,1829751,2999858,0.00155,0.00129,0.60995,0.0,0.0,0.8722,0.81255,0.504,0.504,-1.48248,-1.20537,3.26574,2.04024,"[0.50904 0.51156 0.51156 0.51156 0.5166  1.00548 1.01304 1.02816 1.25748
 1.5246 ]","[0.50904 0.51156 0.51156 0.51156 0.51408 1.00548 1.008   1.01052 1.03068
 1.52208]","[-3.01896 -2.55024 -1.24992 -1.00296 -0.75096 -0.50904 -0.50904 -0.504
 -0.504   -0.49896]","[-2.51748 -2.29572 -1.4994  -1.01808 -1.00548 -0.51408 -0.504   -0.504
 -0.50148  0.     ]",-1.17556,-87.24494
53,SUNW,20070905,54,1869312,3094736,0.00155,0.00129,0.60403,0.0,0.0,0.8722,0.81255,0.504,0.504,-1.48248,-1.20537,3.26574,2.04024,"[0.50904 0.51156 0.51156 0.51156 0.5166  1.00548 1.01304 1.02816 1.25748
 1.5246 ]","[0.50904 0.51156 0.51156 0.51156 0.51408 1.00548 1.008   1.01052 1.03068
 1.52208]","[-3.01896 -2.55024 -1.24992 -1.00296 -0.75096 -0.50904 -0.50904 -0.504
 -0.504   -0.49896]","[-2.51748 -2.29572 -1.4994  -1.01808 -1.00548 -0.51408 -0.504   -0.504
 -0.50148  0.     ]",-1.17556,-87.24494
54,SUNW,20070906,55,1908873,3189614,0.00155,0.00129,0.59847,0.0,0.0,0.8722,0.81255,0.504,0.504,-1.48248,-1.20537,3.26574,2.04024,"[0.50904 0.51156 0.51156 0.51156 0.5166  1.00548 1.01304 1.02816 1.25748
 1.5246 ]","[0.50904 0.51156 0.51156 0.51156 0.51408 1.00548 1.008   1.01052 1.03068
 1.52208]","[-3.01896 -2.55024 -1.24992 -1.00296 -0.75096 -0.50904 -0.50904 -0.504
 -0.504   -0.49896]","[-2.51748 -2.29572 -1.4994  -1.01808 -1.00548 -0.51408 -0.504   -0.504
 -0.50148  0.     ]",-1.17556,-87.24494
55,SUNW,20070907,56,1948434,3284492,0.00155,0.00129,0.59322,0.0,0.0,0.8722,0.81255,0.504,0.504,-1.48248,-1.20537,3.26574,2.04024,"[0.50904 0.51156 0.51156 0.51156 0.5166  1.00548 1.01304 1.02816 1.25748
 1.5246 ]","[0.50904 0.51156 0.51156 0.51156 0.51408 1.00548 1.008   1.01052 1.03068
 1.52208]","[-3.01896 -2.55024 -1.24992 -1.00296 -0.75096 -0.50904 -0.50904 -0.504
 -0.504   -0.49896]","[-2.51748 -2.29572 -1.4994  -1.01808 -1.00548 -0.51408 -0.504   -0.504
 -0.50148  0.     ]",-1.17556,-87.24494
56,SUNW,20070910,57,1987995,3379370,0.00155,0.00129,0.58827,0.0,0.0,0.8722,0.81255,0.504,0.504,-1.48248,-1.20537,3.26574,2.04024,"[0.50904 0.51156 0.51156 0.51156 0.5166  1.00548 1.01304 1.02816 1.25748
 1.5246 ]","[0.50904 0.51156 0.51156 0.51156 0.51408 1.00548 1.008   1.01052 1.03068
 1.52208]","[-3.01896 -2.55024 -1.24992 -1.00296 -0.75096 -0.50904 -0.50904 -0.504
 -0.504   -0.49896]","[-2.51748 -2.29572 -1.4994  -1.01808 -1.00548 -0.51408 -0.504   -0.504
 -0.50148  0.     ]",-1.17556,-87.24494
57,SUNW,20070911,58,2027556,3474248,0.00155,0.00129,0.5836,0.0,0.0,0.8722,0.81255,0.504,0.504,-1.48248,-1.20537,3.26574,2.04024,"[0.50904 0.51156 0.51156 0.51156 0.5166  1.00548 1.01304 1.02816 1.25748
 1.5246 ]","[0.50904 0.51156 0.51156 0.51156 0.51408 1.00548 1.008   1.01052 1.03068
 1.52208]","[-3.01896 -2.55024 -1.24992 -1.00296 -0.75096 -0.50904 -0.50904 -0.504
 -0.504   -0.49896]","[-2.51748 -2.29572 -1.4994  -1.01808 -1.00548 -0.51408 -0.504   -0.504
 -0.50148  0.     ]",-1.17556,-87.24494
58,SUNW,20070912,59,2067117,3569126,0.00155,0.00129,0.57917,0.0,0.0,0.8722,0.81255,0.504,0.504,-1.48248,-1.20537,3.26574,2.04024,"[0.50904 0.51156 0.51156 0.51156 0.5166  1.00548 1.01304 1.02816 1.25748
 1.5246 ]","[0.50904 0.51156 0.51156 0.51156 0.51408 1.00548 1.008   1.01052 1.03068
 1.52208]","[-3.01896 -2.55024 -1.24992 -1.00296 -0.75096 -0.50904 -0.50904 -0.504
 -0.504   -0.49896]","[-2.51748 -2.29572 -1.4994  -1.01808 -1.00548 -0.51408 -0.504   -0.504
 -0.50148  0.     ]",-1.17556,-87.24494
59,SUNW,20070913,60,2106678,3664004,0.00155,0.00129,0.57497,0.0,0.0,0.8722,0.81255,0.504,0.504,-1.48248,-1.20537,3.26574,2.04024,"[0.50904 0.51156 0.51156 0.51156 0.5166  1.00548 1.01304 1.02816 1.25748
 1.5246 ]","[0.50904 0.51156 0.51156 0.51156 0.51408 1.00548 1.008   1.01052 1.03068
 1.52208]","[-3.01896 -2.55024 -1.24992 -1.00296 -0.75096 -0.50904 -0.50904 -0.504
 -0.504   -0.49896]","[-2.51748 -2.29572 -1.4994  -1.01808 -1.00548 -0.51408 -0.504   -0.504
 -0.50148  0.     ]",-1.17556,-87.24494
60,SUNW,20070914,61,2146239,3758882,0.00155,0.00129,0.57098,0.0,0.0,0.8722,0.81255,0.504,0.504,-1.48248,-1.20537,3.26574,2.04024,"[0.50904 0.51156 0.51156 0.51156 0.5166  1.00548 1.01304 1.02816 1.25748
 1.5246 ]","[0.50904 0.51156 0.51156 0.51156 0.51408 1.00548 1.008   1.01052 1.03068
 1.52208]","[-3.01896 -2.55024 -1.24992 -1.00296 -0.75096 -0.50904 -0.50904 -0.504
 -0.504   -0.49896]","[-2.51748 -2.29572 -1.4994  -1.01808 -1.00548 -0.51408 -0.504   -0.504
 -0.50148  0.     ]",-1.17556,-87.24494
61,SUNW,20070917,62,2185800,3853760,0.00155,0.00129,0.56719,0.0,0.0,0.8722,0.81255,0.504,0.504,-1.48248,-1.20537,3.26574,2.04024,"[0.50904 0.51156 0.51156 0.51156 0.5166  1.00548 1.01304 1.02816 1.25748
 1.5246 ]","[0.50904 0.51156 0.51156 0.51156 0.51408 1.00548 1.008   1.01052 1.03068
 1.52208]","[-3.01896 -2.55024 -1.24992 -1.00296 -0.75096 -0.50904 -0.50904 -0.504
 -0.504   -0.49896]","[-2.51748 -2.29572 -1.4994  -1.01808 -1.00548 -0.51408 -0.504   -0.504
 -0.50148  0.     ]",-1.17556,-87.24494
62,SUNW,20070918,63,2225361,3948638,0.00155,0.00129,0.56358,0.0,0.0,0.8722,0.81255,0.504,0.504,-1.48248,-1.20537,3.26574,2.04024,"[0.50904 0.51156 0.51156 0.51156 0.5166  1.00548 1.01304 1.02816 1.25748
 1.5246 ]","[0.50904 0.51156 0.51156 0.51156 0.51408 1.00548 1.008   1.01052 1.03068
 1.52208]","[-3.01896 -2.55024 -1.24992 -1.00296 -0.75096 -0.50904 -0.50904 -0.504
 -0.504   -0.49896]","[-2.51748 -2.29572 -1.4994  -1.01808 -1.00548 -0.51408 -0.504   -0.504
 -0.50148  0.     ]",-1.17556,-87.24494
63,SUNW,20070919,64,2264922,4043516,0.00155,0.00129,0.56014,0.0,0.0,0.8722,0.81255,0.504,0.504,-1.48248,-1.20537,3.26574,2.04024,"[0.50904 0.51156 0.51156 0.51156 0.5166  1.00548 1.01304 1.02816 1.25748
 1.5246 ]","[0.50904 0.51156 0.51156 0.51156 0.51408 1.00548 1.008   1.01052 1.03068
 1.52208]","[-3.01896 -2.55024 -1.24992 -1.00296 -0.75096 -0.50904 -0.50904 -0.504
 -0.504   -0.49896]","[-2.51748 -2.29572 -1.4994  -1.01808 -1.00548 -0.51408 -0.504   -0.504
 -0.50148  0.     ]",-1.17556,-87.24494
64,SUNW,20070920,65,2304483,4138394,0.00155,0.00129,0.55685,0.0,0.0,0.8722,0.81255,0.504,0.504,-1.48248,-1.20537,3.26574,2.04024,"[0.50904 0.51156 0.51156 0.51156 0.5166  1.00548 1.01304 1.02816 1.25748
 1.5246 ]","[0.50904 0.51156 0.51156 0.51156 0.51408 1.00548 1.008   1.01052 1.03068
 1.52208]","[-3.01896 -2.55024 -1.24992 -1.00296 -0.75096 -0.50904 -0.50904 -0.504
 -0.504   -0.49896]","[-2.51748 -2.29572 -1.4994  -1.01808 -1.00548 -0.51408 -0.504   -0.504
 -0.50148  0.     ]",-1.17556,-87.24494
65,ADP,20070620,1,7458,24374,-0.06488,-0.06559,0.30598,0.0,-0.00267,0.2934,0.32607,0.18144,0.23169,-0.51095,-0.15525,0.10868,0.05917,"[0.10332 0.15624 0.15624 0.25956 0.25956 0.30996 0.30996 0.36036 0.41328
 0.47124]","[0.12852 0.15624 0.20664 0.23184 0.28476 0.30996 0.38808 0.41328 0.41328
 0.72576]","[-0.82404 -0.72324 -0.6174  -0.4158  -0.41328 -0.30996 -0.30996 -0.30996
 -0.30996 -0.25956]","[-0.87444 -0.69552 -0.59472 -0.4662  -0.441   -0.41328 -0.38808 -0.33768
 -0.33516 -0.30996]",-0.99537,-0.99749
66,ADP,20070621,2,14071,48428,0.04413,0.04349,0.29056,0.05292,0.05292,0.37412,0.35117,0.26208,0.20916,0.42623,0.41764,0.93648,1.47328,"[0.25704 0.25956 0.36288 0.4662  0.4662  0.48132 0.5166  0.57204 0.57204
 1.19952]","[0.23184 0.25704 0.28476 0.33768 0.441   0.441   0.4914  0.5166  0.51912
 1.1718 ]","[-0.82656 -0.51912 -0.5166  -0.41328 -0.36288 -0.28476 -0.25704 -0.25704
 -0.25704 -0.25704]","[-0.82656 -0.51408 -0.44352 -0.41328 -0.28476 -0.25704 -0.25704 -0.25704
 -0.23436 -0.23184]",-0.87382,-0.8792
67,ADP,20070622,3,21322,77462,-0.04762,-0.04497,0.27526,-0.05292,-0.07812,0.4349,0.38945,0.25956,0.28476,0.12936,0.11252,0.44731,-0.66277,"[0.20664 0.21168 0.25956 0.36288 0.36288 0.51912 0.57204 0.62244 0.62496
 1.14156]","[0.25956 0.25956 0.28476 0.38808 0.4158  0.4662  0.62244 0.62496 0.65016
 0.72576]","[-1.08612 -0.87948 -0.72324 -0.51912 -0.51912 -0.47628 -0.4662  -0.4158
 -0.4158  -0.36288]","[-0.82656 -0.69804 -0.59472 -0.56952 -0.51912 -0.5166  -0.49392 -0.441
 -0.441   -0.36288]",-0.0,-0.99451
68,ADP,20070625,4,28362,101315,-0.03709,-0.04032,0.27994,-0.10332,-0.13104,0.50382,0.4277,0.31248,0.26208,0.77958,0.70164,0.5448,-0.06868,"[0.3654  0.36792 0.36792 0.4158  0.47376 0.52416 0.62244 0.88452 1.25496
 1.2978 ]","[0.315   0.33768 0.36792 0.3906  0.52416 0.54936 0.55188 0.57204 0.77868
 1.16928]","[-1.04076 -0.72324 -0.67284 -0.63    -0.52416 -0.46872 -0.4662  -0.4158
 -0.4158  -0.3654 ]","[-0.67284 -0.6552  -0.57456 -0.52164 -0.51912 -0.49644 -0.441   -0.41832
 -0.3654  -0.36288]",-0.0,-0.99897
69,ADP,20070626,5,35475,127892,-0.0022,-0.0022,0.27738,-0.05292,0.0,0.48421,0.5001,0.41832,0.44352,0.11252,0.17503,-0.98657,-1.02626,"[0.46872 0.46872 0.46872 0.57456 0.62748 0.63    0.73332 0.78624 0.83664
 0.83916]","[0.44352 0.44604 0.52164 0.57456 0.65268 0.6552  0.73332 0.78372 0.83916
 0.9702 ]","[-0.93996 -0.8316  -0.6804  -0.62748 -0.62496 -0.52164 -0.47124 -0.46872
 -0.36288 -0.315  ]","[-0.91476 -0.8568  -0.65268 -0.60228 -0.60228 -0.59976 -0.49644 -0.46872
 -0.44352 -0.39312]",-0.99939,-0.99949
70,ADP,20070627,6,43511,154162,0.04194,0.04194,0.28224,0.05292,0.0252,0.44948,0.44109,0.20916,0.18396,-0.38026,-0.19174,1.48359,1.34644,"[0.26208 0.315   0.315   0.3654  0.41832 0.52668 0.57456 0.5796  0.8442
 1.2348 ]","[0.28728 0.28728 0.315   0.3402  0.47376 0.52416 0.6048  0.62748 0.79128
 1.26252]","[-1.20456 -1.05084 -0.73584 -0.57456 -0.441   -0.26208 -0.20916 -0.20916
 -0.15876 -0.15876]","[-1.15164 -0.945   -0.70812 -0.62496 -0.3654  -0.28728 -0.26208 -0.20916
 -0.15876 -0.15624]",-0.7856,-0.0
71,ADP,20070628,7,51177,176009,0.00433,0.00504,0.29076,0.0,0.0,0.412,0.42209,0.20664,0.18144,0.25153,0.42903,1.92855,2.42768,"[0.15624 0.25704 0.25956 0.25956 0.30996 0.4662  0.5166  0.57204 0.88452
 1.25496]","[0.12852 0.18144 0.18144 0.33516 0.38808 0.441   0.4914  0.62496 0.8316
 1.386  ]","[-1.09368 -0.87948 -0.51912 -0.4662  -0.4158  -0.31248 -0.25956 -0.25956
 -0.25956 -0.25452]","[-1.1466  -0.77616 -0.51912 -0.46368 -0.4158  -0.4158  -0.28476 -0.25956
 -0.23184 -0.23184]",-0.0,-0.0
72,ADP,20070629,8,58560,202787,-0.00614,-0.00478,0.28878,-0.05292,-0.0252,0.4897,0.48194,0.25956,0.23184,0.38562,0.28395,0.9204,0.94869,"[0.30996 0.36036 0.36036 0.3654  0.4662  0.48132 0.57204 0.83664 0.87696
 1.45656]","[0.28224 0.30996 0.36036 0.43848 0.4662  0.49392 0.57204 0.7308  0.85176
 1.42884]","[-1.02816 -0.96012 -0.82404 -0.72576 -0.57456 -0.41076 -0.36288 -0.31248
 -0.25956 -0.25956]","[-1.01052 -0.97524 -0.89964 -0.72576 -0.49644 -0.3906  -0.38556 -0.33768
 -0.31248 -0.23184]",-1.05875,-1.00001
73,ADP,20070702,9,64399,224986,0.03399,0.03386,0.28624,-0.0504,-0.0504,0.53011,0.50036,0.20664,0.20916,0.61411,0.64277,5.19776,4.09871,"[0.25956 0.30996 0.4158  0.4158  0.4158  0.5166  0.5166  0.72576 0.82656
 2.03112]","[0.25704 0.25956 0.33768 0.46368 0.4662  0.5166  0.59724 0.72576 0.85176
 1.84968]","[-1.65312 -0.56952 -0.567   -0.4662  -0.41076 -0.36036 -0.30996 -0.25956
 -0.25704 -0.25704]","[-1.4742  -0.5922  -0.5166  -0.4662  -0.36036 -0.30996 -0.30996 -0.28224
 -0.25956 -0.25704]",-8.16202,-5.80779
74,ADP,20070703,10,67154,234563,0.0714,0.04457,0.28629,0.0,0.0,0.27886,0.44528,0.10332,0.10332,2.34447,0.4744,5.90574,7.16156,"[0.0504  0.0504  0.0504  0.0504  0.10332 0.14112 0.15372 0.25704 0.5166
 1.08864]","[0.07812 0.10332 0.12852 0.12852 0.18144 0.30996 0.41328 0.43848 1.06092
 1.66068]","[-0.20664 -0.20664 -0.15372 -0.15372 -0.14112 -0.0504  -0.0504   0.
  0.       0.     ]","[-1.52208 -0.23184 -0.23184 -0.20664 -0.15372 -0.12852 -0.12852 -0.12852
 -0.10332 -0.10332]",-0.47486,-1.96939
75,ADP,20070705,11,72417,256392,-0.00892,-0.01027,0.28245,0.0,-0.0252,0.25652,0.25069,0.10332,0.12852,1.25934,1.02682,4.02988,3.02055,"[0.10332 0.10332 0.10332 0.15624 0.20664 0.25956 0.30996 0.30996 0.46368
 0.98028]","[0.10332 0.18144 0.20664 0.20664 0.20664 0.23184 0.30996 0.38808 0.41076
 0.90216]","[-0.567   -0.41076 -0.30744 -0.30744 -0.25704 -0.20664 -0.20664 -0.20664
 -0.20664 -0.15624]","[-0.5418  -0.48888 -0.33516 -0.25704 -0.25704 -0.20664 -0.18144 -0.17892
 -0.15624 -0.15372]",-0.88204,-0.88916
76,ADP,20070706,12,78203,277547,0.01066,0.0095,0.28176,0.0,0.0,0.34953,0.34286,0.20664,0.20664,0.38098,0.36181,0.60089,0.64577,"[0.20664 0.20664 0.25704 0.30744 0.36036 0.36036 0.41076 0.46368 0.82656
 0.9828 ]","[0.25704 0.25704 0.25704 0.30996 0.33516 0.36036 0.41076 0.46368 0.61992
 1.03572]","[-0.67032 -0.61488 -0.567   -0.51408 -0.4662  -0.36036 -0.25704 -0.25704
 -0.25704 -0.20664]","[-0.693   -0.567   -0.5166  -0.51408 -0.46368 -0.38556 -0.25704 -0.25704
 -0.20664 -0.20664]",-0.86911,-0.89825
77,ADP,20070709,13,85169,298862,0.00407,0.00258,0.28498,0.0,0.0,0.27362,0.28134,0.15372,0.18144,0.19288,0.30481,0.58267,0.80112,"[0.15372 0.20664 0.20664 0.25704 0.30996 0.30996 0.30996 0.36036 0.5166
 0.77364]","[0.15372 0.18144 0.20664 0.20664 0.23184 0.30996 0.38556 0.43848 0.5166
 0.82404]","[-0.6678  -0.46368 -0.33516 -0.30996 -0.30996 -0.30996 -0.25704 -0.25704
 -0.25704 -0.20664]","[-0.6678  -0.43848 -0.43848 -0.36036 -0.30996 -0.30996 -0.25704 -0.23184
 -0.20664 -0.20664]",-0.91845,-0.91751
78,ADP,20070710,14,94669,326596,-0.13007,-0.12774,0.28987,-0.05292,-0.10584,0.4852,0.43161,0.2142,0.26208,-2.60333,-1.76979,10.21877,5.78065,"[0.1638  0.2016  0.20916 0.26964 0.31248 0.31248 0.31248 0.315   0.4158
 0.62496]","[0.15624 0.18144 0.20916 0.20916 0.23436 0.25956 0.28728 0.31248 0.3654
 0.72828]","[-2.4192  -0.88452 -0.67536 -0.47124 -0.46872 -0.46872 -0.41832 -0.41832
 -0.3654  -0.26712]","[-1.93032 -0.83412 -0.82908 -0.57204 -0.47124 -0.39312 -0.3906  -0.3906
 -0.33768 -0.33768]",-0.0,-0.0
79,ADP,20070711,15,101698,347876,0.0219,0.02171,0.29234,0.05292,0.07812,0.4065,0.38576,0.20916,0.18396,0.12519,0.29678,0.07185,0.33431,"[0.24192 0.26208 0.26208 0.36792 0.41832 0.52416 0.54432 0.5796  0.94752
 0.99792]","[0.20916 0.23688 0.26208 0.26208 0.41832 0.49896 0.54936 0.5796  0.86688
 1.05084]","[-0.78624 -0.7308  -0.68292 -0.57708 -0.52416 -0.45864 -0.41832 -0.315
 -0.315   -0.31248]","[-0.70812 -0.7056  -0.63    -0.49896 -0.47124 -0.47124 -0.3906  -0.28728
 -0.26208 -0.18396]",-0.96006,-0.93174
80,ADP,20070712,16,109179,367520,0.03496,0.03328,0.29707,0.0,0.0252,0.24475,0.2362,0.15624,0.12852,0.51775,0.32862,-0.24809,-0.2431,"[0.20916 0.20916 0.22932 0.25956 0.26208 0.46872 0.4788  0.52164 0.52416
 0.57456]","[0.23436 0.23436 0.23436 0.23436 0.25956 0.3654  0.44352 0.47124 0.49392
 0.57456]","[-0.37296 -0.3654  -0.31248 -0.31248 -0.26208 -0.25956 -0.15624 -0.15624
 -0.15624 -0.15624]","[-0.4158  -0.3654  -0.3402  -0.28728 -0.26208 -0.25956 -0.20916 -0.15624
 -0.13104 -0.10332]",-0.64911,-0.6621
81,ADP,20070713,17,115531,383320,0.07825,0.07838,0.3014,0.10332,0.07812,0.27012,0.27567,0.15372,0.15624,-0.32992,0.18075,0.59468,2.67384,"[0.20664 0.25704 0.30996 0.30996 0.36288 0.46368 0.4662  0.4662  0.51408
 0.67788]","[0.23436 0.25704 0.25704 0.25704 0.25956 0.33516 0.38808 0.46368 0.567
 0.96264]","[-0.7182  -0.30996 -0.30996 -0.25956 -0.25704 -0.25704 -0.19908 -0.15372
 -0.14112 -0.10332]","[-0.7686  -0.25704 -0.25704 -0.20664 -0.20664 -0.20664 -0.15372 -0.12852
 -0.12852 -0.10332]",-0.7182,-0.7686
82,ADP,20070716,18,120235,397212,0.0159,0.01577,0.3027,0.0504,0.0504,0.2641,0.25898,0.15624,0.17892,-0.32642,-0.33186,-0.53384,-0.4422,"[0.20412 0.20664 0.20664 0.25704 0.25704 0.30744 0.30996 0.36036 0.51408
 0.52164]","[0.20664 0.22932 0.22932 0.23184 0.28224 0.28224 0.28476 0.33516 0.51156
 0.51408]","[-0.56448 -0.53172 -0.36036 -0.35784 -0.30996 -0.30744 -0.30744 -0.28728
 -0.25704 -0.25704]","[-0.567   -0.53676 -0.35784 -0.33516 -0.33264 -0.28476 -0.28224 -0.25704
 -0.25704 -0.22932]",-0.80169,-0.789
83,ADP,20070717,19,127483,417724,-0.02352,-0.0221,0.30518,0.0,0.0,0.28958,0.27907,0.20664,0.18144,-0.17425,-0.122,-0.28143,-0.1323,"[0.15372 0.20664 0.20664 0.20664 0.25704 0.32004 0.36036 0.41076 0.47376
 0.61992]","[0.17892 0.18144 0.20664 0.20664 0.23184 0.25704 0.30996 0.41076 0.5418
 0.5922 ]","[-0.6678  -0.56448 -0.5418  -0.51408 -0.30996 -0.30744 -0.30744 -0.30744
 -0.25704 -0.25704]","[-0.6678  -0.567   -0.46116 -0.43596 -0.36036 -0.33264 -0.30744 -0.25704
 -0.23184 -0.23184]",-0.9065,-0.90403
84,ADP,20070718,20,136941,445994,-0.10791,-0.10875,0.30705,-0.05292,-0.05292,0.51639,0.48944,0.26208,0.315,-0.76713,-0.41601,0.96861,-0.03053,"[0.21168 0.26208 0.36288 0.36792 0.41076 0.42084 0.4662  0.47628 0.8442
 0.86688]","[0.26208 0.2898  0.315   0.36792 0.4158  0.42084 0.441   0.50148 0.81396
 0.8442 ]","[-1.59516 -1.35324 -1.13904 -0.6804  -0.6804  -0.56952 -0.52668 -0.48384
 -0.40824 -0.315  ]","[-1.30284 -1.16676 -1.05588 -0.74844 -0.68292 -0.62748 -0.61992 -0.52668
 -0.39312 -0.36792]",-1.44973,-1.38221
85,ADP,20070719,21,142977,463209,0.07683,0.07618,0.30867,0.1008,0.05292,0.38291,0.33032,0.15876,0.12852,1.72962,1.41085,7.55496,4.52039,"[0.25956 0.25956 0.31248 0.31248 0.36288 0.3654  0.39564 0.4158  0.56952
 1.75392]","[0.18144 0.23184 0.23436 0.28728 0.36288 0.38808 0.4158  0.441   0.70056
 1.38852]","[-0.7812  -0.56952 -0.39312 -0.30996 -0.30996 -0.2268  -0.20664 -0.15624
 -0.15624 -0.10332]","[-0.5166  -0.44352 -0.36288 -0.36288 -0.28476 -0.25956 -0.25704 -0.18144
 -0.18144 -0.10332]",-0.7812,-0.73407
86,ADP,20070720,22,151020,484131,-0.09324,-0.09201,0.31194,-0.10332,-0.13104,0.3253,0.32359,0.20916,0.18396,0.11261,0.14171,0.20452,0.29705,"[0.10584 0.10584 0.14868 0.15624 0.15624 0.20916 0.47124 0.52164 0.57708
 0.62748]","[0.07812 0.10584 0.15624 0.15624 0.18396 0.20664 0.47124 0.54684 0.57708
 0.62748]","[-0.87948 -0.6804  -0.67536 -0.41832 -0.3654  -0.36288 -0.35532 -0.315
 -0.315   -0.31248]","[-0.85428 -0.75348 -0.62748 -0.39312 -0.3906  -0.3654  -0.36288 -0.315
 -0.31248 -0.28728]",-0.99935,-0.99924
87,ADP,20070723,23,156604,501994,0.00414,0.00284,0.31196,0.0,-0.0252,0.31405,0.30415,0.15624,0.18144,0.43473,0.39993,1.25692,0.69923,"[0.15624 0.15624 0.20916 0.26208 0.31248 0.31248 0.3654  0.57456 0.63
 0.945  ]","[0.18144 0.18144 0.20916 0.20916 0.20916 0.31248 0.39312 0.55188 0.67788
 0.83916]","[-0.73332 -0.62748 -0.41832 -0.3654  -0.26208 -0.26208 -0.25956 -0.20916
 -0.20916 -0.20916]","[-0.6804  -0.52164 -0.49644 -0.3654  -0.31248 -0.31248 -0.26208 -0.20916
 -0.20916 -0.18144]",-0.97788,-0.97461
88,ADP,20070724,24,165249,529130,-0.1017,-0.11353,0.3123,-0.05292,-0.10584,0.82513,0.42346,0.26712,0.2646,-0.72847,-0.1229,9.18414,0.37783,"[0.2142  0.2142  0.2142  0.23436 0.3276  0.42336 0.47376 0.58212 1.008
 2.81988]","[0.15876 0.18648 0.31752 0.37044 0.37044 0.42084 0.47628 0.47628 0.60732
 0.87444]","[-3.56832 -0.9198  -0.70812 -0.693   -0.68544 -0.5796  -0.49896 -0.4788
 -0.47628 -0.47376]","[-1.31292 -0.73584 -0.65772 -0.63504 -0.60732 -0.52668 -0.47628 -0.45108
 -0.39564 -0.39564]",-0.0,-0.0
89,ADP,20070725,25,175728,562487,-0.04355,-0.03295,0.31241,0.0,0.0,0.49958,0.59474,0.37548,0.35028,-0.92062,-1.44022,2.71652,5.20009,"[0.2142  0.37548 0.378   0.43092 0.43092 0.5922  0.64512 0.70056 0.756
 0.91476]","[0.35028 0.4032  0.43092 0.45612 0.64764 0.67284 0.70056 0.72576 0.96012
 1.05084]","[-1.86732 -0.80388 -0.64512 -0.5922  -0.48384 -0.43092 -0.43092 -0.4284
 -0.378   -0.37548]","[-2.47464 -0.8316  -0.67032 -0.53676 -0.51156 -0.48384 -0.48384 -0.48384
 -0.4032  -0.4032 ]",-2.24107,-3.14725
90,ADP,20070726,26,198238,619210,-0.10733,-0.10868,0.32015,-0.05544,0.05544,0.67858,0.70674,0.38304,0.29988,-2.12123,-2.18439,6.07664,5.90184,"[0.38304 0.38304 0.38304 0.43848 0.4914  0.54684 0.54936 0.68292 0.71064
 0.71316]","[0.29988 0.35532 0.35532 0.41076 0.46368 0.51912 0.52164 0.57708 0.68544
 0.96012]","[-2.898   -1.95552 -0.87444 -0.59976 -0.59976 -0.54684 -0.4914  -0.4914
 -0.43848 -0.38304]","[-2.81736 -2.4444  -0.65772 -0.6552  -0.6552  -0.62748 -0.4914  -0.4914
 -0.43596 -0.38304]",-0.99186,-0.98001
91,ADP,20070727,27,214878,661414,-0.08549,-0.08045,0.32488,-0.11088,-0.11088,0.55816,0.55068,0.38556,0.41328,-0.23277,-0.31363,-0.26054,0.09364,"[0.38556 0.38556 0.54936 0.60732 0.60732 0.60732 0.66276 0.66528 0.71568
 1.0458 ]","[0.3024  0.41328 0.52164 0.52416 0.60732 0.63252 0.66276 0.69048 0.74844
 1.01808]","[-1.53468 -1.0962  -0.87444 -0.77112 -0.77112 -0.71316 -0.66024 -0.6048
 -0.49644 -0.38808]","[-1.61532 -1.14912 -0.79884 -0.63252 -0.62748 -0.60732 -0.6048  -0.55188
 -0.52668 -0.52164]",-3.18609,-3.37622
92,ADP,20070730,28,226979,696170,0.06126,0.06113,0.32604,0.0,0.02772,0.58517,0.50473,0.16632,0.19404,-0.85047,-0.20234,4.65429,2.9551,"[0.33264 0.33264 0.33264 0.50148 0.66276 0.72072 0.88452 0.945   0.9954
 1.59516]","[0.33264 0.33264 0.33264 0.36036 0.36288 0.63756 0.69048 0.91224 0.91728
 1.53972]","[-2.205   -0.7182  -0.6678  -0.49896 -0.4914  -0.33012 -0.22176 -0.16632
 -0.16632 -0.11088]","[-1.62792 -0.69048 -0.64008 -0.47124 -0.46368 -0.41328 -0.2772  -0.16632
 -0.1386  -0.1386 ]",-4.09934,-2.92882
93,ADP,20070731,29,242332,735543,0.08167,0.07993,0.32946,0.0,0.02772,0.64096,0.71444,0.37548,0.50652,1.12869,0.93123,2.01356,1.2984,"[0.4284  0.48132 0.48384 0.6426  0.64512 0.71316 0.75348 0.91728 1.78668
 2.18484]","[0.53424 0.59472 0.6174  0.64764 0.94248 1.008   1.0458  1.04832 1.53468
 2.41416]","[-1.01808 -0.9702  -0.71316 -0.5922  -0.54432 -0.48384 -0.48132 -0.4032
 -0.37548 -0.32004]","[-1.20456 -0.93996 -0.83412 -0.75096 -0.6678  -0.567   -0.55944 -0.53928
 -0.50904 -0.48384]",-1.00141,-1.00238
94,ADP,20070801,30,261374,783932,0.04807,0.04471,0.33341,0.10836,0.10836,1.36996,0.77898,0.43848,0.41076,-0.44088,-0.28249,7.1867,2.03582,"[0.43344 0.54684 0.54684 0.65016 0.70308 0.81648 1.35072 1.70604 2.1798
 4.80816]","[0.51408 0.5166  0.51912 0.67536 0.73836 0.84168 0.84672 1.54224 1.56744
 1.96308]","[-5.30208 -2.33352 -0.9198  -0.76356 -0.7056  -0.64764 -0.60228 -0.59724
 -0.54936 -0.43092]","[-2.52504 -0.97272 -0.87192 -0.78624 -0.66024 -0.65268 -0.65016 -0.59724
 -0.48384 -0.43344]",-0.99283,-1.0274
95,ADP,20070802,31,272213,814110,0.10158,0.1028,0.33437,0.10584,0.08064,0.44201,0.42191,0.37296,0.34776,0.47648,0.34817,-0.11934,-0.40352,"[0.42588 0.4788  0.48132 0.53676 0.58464 0.58464 0.58716 0.69048 0.9576
 1.34064]","[0.42588 0.4536  0.504   0.50652 0.58716 0.5922  0.61236 0.66276 0.84924
 1.23228]","[-0.58716 -0.5292  -0.5292  -0.4788  -0.47628 -0.37296 -0.37044 -0.32004
 -0.32004 -0.31752]","[-0.58716 -0.50652 -0.45108 -0.45108 -0.44856 -0.37296 -0.37296 -0.37044
 -0.34524 -0.32004]",-0.86078,-0.82209
96,ADP,20070803,32,286793,845304,0.01667,0.01667,0.33928,0.05292,0.0252,0.47566,0.44136,0.315,0.315,-0.84915,-0.66979,0.9202,0.04345,"[0.47628 0.4788  0.4788  0.52668 0.53172 0.58212 0.58212 0.63504 0.68796
 0.74592]","[0.45108 0.45108 0.47376 0.47628 0.50148 0.50148 0.55944 0.60732 0.60984
 0.68796]","[-1.48176 -0.95004 -0.7434  -0.63756 -0.5796  -0.53172 -0.31752 -0.31752
 -0.26208 -0.26208]","[-1.18944 -0.92232 -0.7686  -0.60984 -0.55692 -0.52668 -0.31752 -0.2898
 -0.2898  -0.26208]",-0.0,-0.0
97,ADP,20070806,33,303180,884387,0.02972,0.03011,0.34281,0.0,0.0252,1.18227,0.39262,0.2646,0.28728,0.34906,0.25832,12.6288,-0.75669,"[0.2646  0.2646  0.37044 0.5292  0.58212 0.58212 0.68796 0.84672 0.9072
 5.11056]","[0.2646  0.34524 0.44856 0.47628 0.5544  0.55692 0.66276 0.68796 0.79128
 0.819  ]","[-4.7502  -0.74088 -0.5796  -0.5796  -0.5292  -0.47376 -0.42336 -0.42336
 -0.31752 -0.26208]","[-0.71064 -0.58212 -0.5292  -0.42336 -0.42336 -0.39564 -0.39564 -0.34272
 -0.34272 -0.34272]",-0.0,-0.95055
98,ADP,20070807,34,319652,924766,0.08994,0.08581,0.34566,0.05292,0.05292,0.36319,0.35967,0.20916,0.18144,0.83827,0.57657,0.69231,0.53461,"[0.31248 0.31248 0.31248 0.36288 0.4158  0.52416 0.63252 0.89208 0.99288
 1.04328]","[0.25956 0.25956 0.28728 0.441   0.49392 0.52416 0.52668 0.91224 0.91728
 0.96516]","[-0.52668 -0.51912 -0.46872 -0.25956 -0.25956 -0.22932 -0.20916 -0.20916
 -0.20664 -0.15624]","[-0.64764 -0.55188 -0.49392 -0.31248 -0.28728 -0.23436 -0.20916 -0.15624
 -0.15624 -0.10332]",-0.68292,-0.74198
99,ADP,20070808,35,334427,963628,0.0042,0.01008,0.34705,0.05292,0.05292,1.20601,0.48359,0.30996,0.33516,0.027,-0.12252,11.57636,0.22409,"[0.30996 0.30996 0.36288 0.46368 0.46368 0.61992 0.67536 0.77616 1.03572
 4.96944]","[0.33768 0.38808 0.41328 0.4914  0.5418  0.567   0.62244 0.65016 0.69804
 1.24236]","[-4.92408 -1.13148 -0.77364 -0.72324 -0.72072 -0.56952 -0.567   -0.5166
 -0.30996 -0.30996]","[-1.23732 -0.82152 -0.69552 -0.67284 -0.6426  -0.5166  -0.4158  -0.41076
 -0.33516 -0.30996]",-0.92449,-1.00828
100,ADP,20070809,36,349734,1007451,-0.07728,-0.08555,0.34715,-0.10332,-0.05292,0.83957,0.81043,0.49392,0.46872,-0.1,-0.20445,0.71381,0.46983,"[0.3906  0.42084 0.52164 0.52416 0.67788 0.88956 0.89208 1.47672 1.62792
 1.92276]","[0.4158  0.47124 0.47376 0.54936 0.70812 0.7812  0.9954  1.4238  1.53216
 1.62792]","[-2.24784 -1.86732 -1.39356 -1.30284 -0.99036 -0.82908 -0.67284 -0.62748
 -0.62748 -0.62748]","[-2.22264 -1.7892  -1.36836 -1.1718  -0.93744 -0.8568  -0.77616 -0.7056
 -0.6804  -0.6552 ]",-1.3529,-1.36836
101,ADP,20070810,37,364859,1056074,0.05822,0.05731,0.34549,0.0,0.05292,1.01573,1.03191,0.46872,0.52416,-1.67898,-1.85776,5.27881,6.05208,"[0.93492 0.94752 1.05588 1.07604 1.10124 1.1466  1.28016 1.32804 1.4112
 1.49436]","[0.9072  0.95004 1.08108 1.10376 1.1214  1.15416 1.20204 1.30788 1.38096
 1.41372]","[-4.14288 -1.4994  -1.47168 -0.98784 -0.79884 -0.6804  -0.46872 -0.42084
 -0.42084 -0.37044]","[-4.32684 -1.5246  -1.47168 -0.85932 -0.82404 -0.7056  -0.62496 -0.47124
 -0.42336 -0.42084]",-1.01327,-1.09813
102,ADP,20070813,38,375180,1086300,0.02514,0.02746,0.34537,0.05292,0.0252,0.72372,0.72425,0.39312,0.4158,-0.80705,-0.77236,1.91204,2.0138,"[0.46872 0.47124 0.52668 0.63    0.77616 0.78876 0.93744 0.9576  1.197
 1.62288]","[0.47124 0.51912 0.6048  0.65772 0.74844 0.76356 0.8316  0.93744 1.197
 1.701  ]","[-2.32848 -1.67076 -1.18692 -0.63    -0.57204 -0.51912 -0.47124 -0.46872
 -0.3654  -0.31248]","[-2.3562  -1.59516 -1.18692 -0.63    -0.62496 -0.49644 -0.4158  -0.3906
 -0.31248 -0.31248]",-2.32848,-2.3562
103,ADP,20070814,39,384572,1118731,-0.0999,-0.0997,0.34376,-0.05292,-0.0252,0.48961,0.50255,0.315,0.3402,-0.38211,-0.79502,0.15971,1.60268,"[0.21168 0.26208 0.315   0.3654  0.36792 0.47124 0.52416 0.63252 0.78624
 0.84168]","[0.26208 0.28728 0.315   0.315   0.315   0.39564 0.42084 0.65772 0.78624
 0.84168]","[-1.45152 -1.12392 -0.6804  -0.6552  -0.62748 -0.57456 -0.57456 -0.52668
 -0.52668 -0.52416]","[-1.78668 -1.071   -0.68292 -0.68292 -0.59976 -0.49896 -0.49896 -0.49644
 -0.46872 -0.44604]",-1.45152,-1.78668
104,ADP,20070815,40,394398,1158146,-0.05912,-0.06035,0.34054,-0.05292,-0.07812,0.57637,0.56491,0.2646,0.2898,0.59735,0.80124,1.1179,1.52487,"[0.26208 0.2646  0.315   0.37044 0.42336 0.53172 0.73584 0.945   1.16172
 1.6884 ]","[0.21168 0.2898  0.31752 0.37044 0.37044 0.37044 0.68292 1.02312 1.13652
 1.74132]","[-1.21464 -1.10124 -1.00044 -0.79128 -0.73332 -0.68544 -0.52416 -0.47628
 -0.42084 -0.31752]","[-1.21464 -0.91728 -0.8694  -0.8694  -0.65772 -0.62748 -0.5292  -0.52416
 -0.47376 -0.39312]",-1.01337,-1.00018
105,ADP,20070816,41,412495,1211142,-0.15915,-0.15863,0.34058,-0.05544,-0.02772,1.02855,1.02544,0.69048,0.7182,0.05193,-0.03534,-0.12592,-0.06969,"[0.37548 0.53676 0.71316 0.76104 0.80136 1.19952 1.449   1.4994  1.63044
 2.29572]","[0.37296 0.65268 0.72324 0.74088 0.90972 1.09116 1.23228 1.42128 1.76904
 2.24028]","[-2.38896 -2.11932 -1.81692 -1.62288 -1.57248 -1.19952 -0.96264 -0.9198
 -0.91476 -0.9072 ]","[-2.4444  -2.06388 -1.86732 -1.84212 -1.57248 -1.22724 -0.98784 -0.93492
 -0.7812  -0.77364]",-1.02074,-1.09989
106,ADP,20070817,42,426995,1255500,0.11321,0.11191,0.3401,0.0,0.05292,1.41814,1.38996,0.48384,0.45612,3.31564,3.46383,15.90144,16.85965,"[0.48384 0.5922  0.64764 0.69804 0.75348 0.80892 0.91224 1.19448 1.35072
 7.4592 ]","[0.48384 0.50904 0.6426  0.67536 0.72324 0.72828 0.83412 1.08612 1.24236
 7.40628]","[-2.3436  -1.90512 -1.45656 -1.18188 -0.91476 -0.80136 -0.58968 -0.53676
 -0.48636 -0.44604]","[-2.29068 -1.82448 -1.40112 -1.0206  -0.88704 -0.67032 -0.6678  -0.53676
 -0.45612 -0.45612]",-1.90512,-1.82448
107,ADP,20070820,43,435977,1286552,-0.02591,-0.02404,0.33887,0.02268,0.0,0.41561,0.41061,0.34524,0.32508,-0.07269,-0.18138,-0.63673,-0.34211,"[0.27216 0.27216 0.32256 0.43092 0.43344 0.48384 0.59724 0.64764 0.65016
 0.81396]","[0.29484 0.32508 0.32508 0.4032  0.4032  0.43344 0.48636 0.65016 0.7308
 0.7812 ]","[-0.9198  -0.80388 -0.70056 -0.55188 -0.53928 -0.48132 -0.43092 -0.37548
 -0.32508 -0.32508]","[-1.00044 -0.8316  -0.67284 -0.59472 -0.48636 -0.46116 -0.378   -0.35028
 -0.35028 -0.35028]",-0.99961,-1.00001
108,ADP,20070821,44,441991,1310035,-0.02998,-0.03005,0.33739,-0.04788,-0.08064,0.52509,0.46234,0.31752,0.24192,-0.01984,0.19282,0.07995,0.03098,"[0.26964 0.32256 0.378   0.53928 0.53928 0.59472 0.65016 0.86184 1.02564
 1.134  ]","[0.26964 0.29484 0.29484 0.40572 0.43092 0.64512 0.64764 0.83412 0.86436
 1.05336]","[-1.23732 -1.07604 -1.01808 -0.80892 -0.48384 -0.378   -0.37548 -0.37548
 -0.33012 -0.32256]","[-0.96768 -0.93744 -0.88956 -0.70056 -0.4032  -0.378   -0.378   -0.37548
 -0.35028 -0.32256]",-1.04111,-0.99903
109,ADP,20070822,45,448518,1330294,0.03509,0.03483,0.33716,0.10836,0.13608,0.53991,0.52466,0.32256,0.35028,-0.17884,-0.17182,0.28301,0.29247,"[0.378   0.378   0.378   0.53928 0.64764 0.64764 0.65016 0.70056 0.9198
 1.40364]","[0.35028 0.48636 0.48636 0.51156 0.56448 0.567   0.59472 0.75348 0.78372
 1.40364]","[-1.2348  -1.18188 -0.80892 -0.64764 -0.5922  -0.53928 -0.48636 -0.48132
 -0.378   -0.32256]","[-1.18188 -1.12896 -0.7812  -0.67536 -0.59472 -0.5922  -0.48636 -0.4032
 -0.37548 -0.35028]",-1.29967,-1.20692
110,ADP,20070823,46,455739,1353396,-0.01344,-0.0148,0.33674,-0.05292,-0.02772,0.45194,0.41516,0.2142,0.2394,1.69712,0.96286,6.02892,3.4112,"[0.16128 0.16128 0.21672 0.26964 0.26964 0.32256 0.37548 0.43344 0.86184
 1.87992]","[0.16128 0.189   0.21672 0.26964 0.29484 0.29736 0.43344 0.48636 0.83664
 1.50444]","[-0.9702  -0.53928 -0.48384 -0.48384 -0.43092 -0.4284  -0.42588 -0.37548
 -0.37548 -0.32256]","[-1.05084 -0.5922  -0.48384 -0.4032  -0.378   -0.37548 -0.37548 -0.37296
 -0.35028 -0.32256]",-0.99947,-1.00549
111,ADP,20070824,47,464033,1377120,-0.02766,-0.02526,0.33696,0.0,0.02772,0.3081,0.30629,0.1638,0.13608,-0.66427,-0.78854,1.02346,1.85177,"[0.1638  0.1638  0.1638  0.21672 0.21672 0.3276  0.378   0.38052 0.54432
 0.59724]","[0.13608 0.13608 0.1638  0.1638  0.21672 0.27216 0.3528  0.3528  0.5166
 0.67788]","[-0.9198  -0.756   -0.54432 -0.53928 -0.3276  -0.27216 -0.21672 -0.21672
 -0.1638  -0.1638 ]","[-1.00044 -0.70056 -0.56448 -0.5418  -0.29988 -0.189   -0.189   -0.1638
 -0.1638  -0.1638 ]",-0.99465,-1.00019
112,ADP,20070827,48,469880,1397107,0.02106,0.01919,0.33632,0.0,0.0,0.4478,0.42465,0.32256,0.29484,0.97941,1.02577,2.8782,3.36615,"[0.32256 0.32256 0.37548 0.37548 0.43344 0.48132 0.48636 0.48888 0.70056
 1.67328]","[0.29736 0.29736 0.32256 0.32256 0.37548 0.378   0.40572 0.45612 0.67284
 1.62036]","[-0.85932 -0.75348 -0.5418  -0.53928 -0.43092 -0.4284  -0.37548 -0.37044
 -0.32256 -0.32256]","[-0.88452 -0.69804 -0.48384 -0.48384 -0.43092 -0.37548 -0.35028 -0.29736
 -0.29484 -0.29484]",-0.99451,-0.99388
113,ADP,20070828,49,477103,1419569,-0.08174,-0.08219,0.33609,0.0,0.02772,0.48058,0.43278,0.10836,0.1638,-1.61301,-1.69371,9.11998,7.87975,"[0.10836 0.10836 0.10836 0.21672 0.21672 0.21672 0.27216 0.27216 0.3276
 1.35828]","[0.10836 0.10836 0.1638  0.19152 0.21672 0.24444 0.27216 0.29736 0.35532
 1.08612]","[-2.21004 -0.70308 -0.59724 -0.48888 -0.43344 -0.43344 -0.38052 -0.38052
 -0.378   -0.27216]","[-1.96812 -0.67536 -0.56952 -0.48888 -0.48888 -0.40572 -0.3528  -0.3528
 -0.3276  -0.29736]",-0.0,-0.0
114,ADP,20070829,50,485048,1440786,0.0159,0.01913,0.33666,0.0,0.0,0.40558,0.35458,0.21924,0.21924,-0.69949,-0.22536,3.14516,0.72995,"[0.21924 0.27216 0.38304 0.43596 0.43848 0.4914  0.54432 0.54684 0.70812
 0.99288]","[0.27216 0.3276  0.3276  0.41076 0.43596 0.51912 0.57204 0.59976 0.59976
 0.76356]","[-1.46916 -0.43848 -0.43596 -0.43596 -0.38052 -0.3276  -0.22932 -0.21924
 -0.21924 -0.21672]","[-1.06092 -0.43596 -0.40824 -0.38052 -0.38052 -0.35532 -0.24696 -0.24444
 -0.21924 -0.21672]",-1.74871,-1.103
115,ADP,20070830,51,495404,1469311,-0.0681,-0.06953,0.33717,-0.1638,-0.1638,0.52028,0.49239,0.21924,0.21672,0.1645,0.23721,0.50234,-0.02509,"[0.23184 0.3276  0.4914  0.54684 0.59976 0.60228 0.76104 0.76356 0.7686
 1.26   ]","[0.27468 0.27468 0.40824 0.51912 0.51912 0.73836 0.76104 0.82404 0.87192
 0.9576 ]","[-1.46916 -0.76608 -0.75852 -0.71316 -0.70812 -0.54684 -0.43596 -0.43596
 -0.38052 -0.3276 ]","[-1.28016 -0.86688 -0.73836 -0.6552  -0.63    -0.46368 -0.46368 -0.40824
 -0.38052 -0.35532]",-0.0,-0.0
116,ADP,20070831,52,506302,1495707,0.01725,0.01661,0.3385,-0.04032,0.0,0.42254,0.41154,0.25956,0.21924,2.38914,2.6289,9.41512,10.65484,"[0.27468 0.27468 0.27468 0.27468 0.3276  0.3276  0.38304 0.41832 0.49392
 1.98072]","[0.21924 0.21924 0.27468 0.3024  0.3276  0.35532 0.38304 0.38304 0.38304
 1.98072]","[-0.63756 -0.4914  -0.38304 -0.38304 -0.38304 -0.38304 -0.38304 -0.38304
 -0.38304 -0.21924]","[-0.4662  -0.46368 -0.43596 -0.41076 -0.41076 -0.38304 -0.35532 -0.35532
 -0.29988 -0.24696]",-0.95755,-0.94482
117,ADP,20070904,53,514395,1518426,0.02106,0.02048,0.33877,0.0,0.0,0.30953,0.29896,0.1638,0.1638,-0.53606,-0.54301,0.65952,0.66935,"[0.21924 0.26712 0.3276  0.3276  0.3276  0.3276  0.35532 0.43848 0.59976
 0.66024]","[0.21924 0.27216 0.27468 0.27468 0.3276  0.35532 0.35532 0.43848 0.59976
 0.6048 ]","[-0.82404 -0.61236 -0.59976 -0.56196 -0.21924 -0.1638  -0.1638  -0.1638
 -0.15876 -0.10836]","[-0.79632 -0.62748 -0.54432 -0.54432 -0.21924 -0.1638  -0.13608 -0.13608
 -0.10836 -0.10836]",-0.94773,-0.93752
118,ADP,20070905,54,523824,1545760,0.00853,0.00982,0.33888,0.05544,0.0,0.34104,0.33483,0.189,0.1638,-1.28516,-1.52732,3.75005,4.72207,"[0.23688 0.24444 0.3276  0.3276  0.33012 0.38304 0.43848 0.43848 0.54684
 0.60732]","[0.24696 0.27468 0.3276  0.3276  0.35532 0.35784 0.41076 0.4662  0.51912
 0.52416]","[-1.31292 -0.54936 -0.38556 -0.3276  -0.3276  -0.27972 -0.27468 -0.27468
 -0.21924 -0.15624]","[-1.34064 -0.6048  -0.38304 -0.3024  -0.27468 -0.24696 -0.19152 -0.19152
 -0.1638  -0.1638 ]",-0.0,-0.0
119,ADP,20070906,55,532539,1572020,-0.00498,-0.00827,0.33876,-0.05544,-0.02772,0.49069,0.3884,0.27216,0.24444,0.12932,-0.21724,1.61547,0.41043,"[0.21924 0.27216 0.27216 0.38556 0.43596 0.49392 0.6552  0.66024 0.82152
 1.48176]","[0.19152 0.24444 0.27216 0.35532 0.43596 0.49392 0.51912 0.54936 0.62748
 0.90468]","[-1.25748 -1.14912 -0.59976 -0.59724 -0.4914  -0.38304 -0.37548 -0.3276
 -0.27216 -0.27216]","[-1.09368 -0.6804  -0.57204 -0.4914  -0.46368 -0.38052 -0.3276  -0.32508
 -0.3024  -0.3024 ]",-0.93792,-1.25065
120,ADP,20070907,56,548930,1613866,-0.20612,-0.20328,0.34013,-0.1134,-0.1638,0.44833,0.38302,0.22428,0.2016,-1.52021,-1.15201,6.01698,3.72385,"[0.05544 0.05544 0.08316 0.11088 0.1134  0.1134  0.16632 0.39312 0.61236
 0.77112]","[0.05544 0.08316 0.11088 0.11088 0.1386  0.14112 0.16884 0.33768 0.46872
 0.58464]","[-2.079   -0.8064  -0.7182  -0.71568 -0.6678  -0.56196 -0.504   -0.44604
 -0.44352 -0.39312]","[-1.66824 -0.77364 -0.75096 -0.61236 -0.6048  -0.58968 -0.44856 -0.4158
 -0.3906  -0.3654 ]",-0.0,-0.0
121,ADP,20070910,57,563906,1648341,-0.01292,-0.01447,0.34211,0.0,0.0,0.22598,0.23353,0.1134,0.1134,0.681,0.33923,1.23628,1.29985,"[0.1134  0.1134  0.1134  0.1134  0.16884 0.16884 0.22428 0.39564 0.50904
 0.67788]","[0.1134  0.1134  0.1134  0.1134  0.14112 0.14112 0.19908 0.2268  0.5922
 0.65016]","[-0.45108 -0.39564 -0.33768 -0.33768 -0.28224 -0.28224 -0.18144 -0.16884
 -0.16884 -0.16884]","[-0.50652 -0.45108 -0.45108 -0.3402  -0.28224 -0.28224 -0.25452 -0.2268
 -0.19908 -0.16884]",-0.85534,-0.87034
122,ADP,20070911,58,576402,1681340,-0.02307,-0.02229,0.34282,0.0,0.0,0.22989,0.23155,0.1134,0.1134,0.31387,0.39138,0.19188,0.42986,"[0.06804 0.1134  0.1134  0.16884 0.2268  0.2268  0.24948 0.3402  0.50904
 0.567  ]","[0.08568 0.08568 0.1134  0.16884 0.19908 0.2268  0.28224 0.31248 0.56448
 0.567  ]","[-0.4536  -0.39564 -0.39564 -0.3402  -0.3402  -0.33768 -0.28224 -0.28224
 -0.16884 -0.16884]","[-0.4536  -0.45108 -0.36792 -0.3402  -0.30996 -0.28224 -0.28224 -0.28224
 -0.2268  -0.14112]",-0.92802,-0.92399
123,ADP,20070912,59,589610,1721424,0.04413,0.04297,0.34251,0.1134,0.05544,0.42179,0.43386,0.28224,0.31248,0.07945,-0.03385,-0.43391,-0.46071,"[0.3402  0.39564 0.39564 0.39564 0.39564 0.4536  0.50904 0.7938  0.85428
 1.0206 ]","[0.36792 0.36792 0.39564 0.39564 0.42336 0.50904 0.567   0.79632 0.85176
 0.99036]","[-0.79128 -0.67536 -0.62244 -0.50904 -0.50652 -0.45108 -0.45108 -0.39564
 -0.3402  -0.28476]","[-0.90468 -0.67536 -0.62496 -0.59472 -0.45108 -0.45108 -0.45108 -0.42336
 -0.36792 -0.36792]",-0.95066,-0.97455
124,ADP,20070913,60,599943,1748338,-0.04458,-0.04484,0.34315,-0.05544,-0.02772,0.28053,0.27636,0.11592,0.16884,-0.7282,-0.65114,1.37111,1.06937,"[0.16884 0.16884 0.2268  0.2268  0.2268  0.28224 0.28224 0.28224 0.39816
 0.56448]","[0.16884 0.19656 0.19656 0.19656 0.2268  0.2268  0.25452 0.31248 0.37044
 0.56448]","[-0.92736 -0.62244 -0.567   -0.39564 -0.3402  -0.30996 -0.22428 -0.22428
 -0.17136 -0.16884]","[-0.89964 -0.59472 -0.48132 -0.4536  -0.30996 -0.30996 -0.30996 -0.25452
 -0.19908 -0.16884]",-0.99642,-0.99498
125,ADP,20070914,61,607197,1772950,0.02061,0.0199,0.34248,0.1134,0.08568,0.37683,0.35545,0.17136,0.17136,-0.77317,-0.3416,2.48419,1.03226,"[0.2268  0.2268  0.28224 0.28476 0.28476 0.3402  0.51156 0.56952 0.62496
 0.91224]","[0.19908 0.19908 0.2268  0.25452 0.34272 0.39816 0.48132 0.51156 0.56952
 0.94248]","[-1.30536 -0.50904 -0.49896 -0.45612 -0.35028 -0.3402  -0.28476 -0.28476
 -0.28476 -0.28224]","[-0.99288 -0.71316 -0.48132 -0.48132 -0.4536  -0.31248 -0.28476 -0.2268
 -0.2268  -0.19908]",-0.0,-0.79862
126,ADP,20070917,62,614426,1792929,-0.0336,-0.03257,0.34269,-0.05796,0.0,0.37288,0.36062,0.16884,0.19908,-1.278,-1.01818,3.40397,1.96102,"[0.2268  0.2268  0.28476 0.28476 0.3402  0.39816 0.39816 0.45612 0.56952
 0.62748]","[0.2268  0.28476 0.28476 0.315   0.3402  0.34272 0.34272 0.45612 0.5418
 0.62748]","[-1.41624 -0.90972 -0.51156 -0.34272 -0.3402  -0.28476 -0.2268  -0.2268
 -0.2268  -0.2268 ]","[-1.16676 -1.04832 -0.51156 -0.37044 -0.37044 -0.31248 -0.28476 -0.2268
 -0.2268  -0.19908]",-0.0,-0.77841
127,ADP,20070918,63,625383,1823383,0.11624,0.11592,0.34298,0.1134,0.1134,0.44963,0.45505,0.28476,0.28476,0.89743,1.02016,0.69663,1.27779,"[0.28476 0.4536  0.50652 0.50904 0.51156 0.7308  0.89964 0.95508 0.98028
 1.4742 ]","[0.3402  0.42588 0.45108 0.4536  0.567   0.67284 0.89964 0.9576  0.96768
 1.5876 ]","[-0.567   -0.56196 -0.4536  -0.39564 -0.39312 -0.3402  -0.33516 -0.28476
 -0.28224 -0.17136]","[-0.62244 -0.56196 -0.4536  -0.4536  -0.33516 -0.33516 -0.28476 -0.2268
 -0.19908 -0.17136]",-0.88927,-0.88032
128,ADP,20070919,64,640105,1857658,0.14248,0.14396,0.34458,0.05544,0.0,0.99997,1.00177,0.21924,0.21924,1.89456,1.96864,7.21812,7.72401,"[0.27216 0.27468 0.3276  0.38304 0.38304 0.43848 0.76608 1.15164 3.35412
 4.0824 ]","[0.24444 0.27468 0.3276  0.38304 0.43596 0.43848 0.819   1.0962  3.1878
 4.25124]","[-2.44188 -1.30536 -0.65772 -0.53424 -0.38304 -0.38304 -0.27216 -0.27216
 -0.21924 -0.21924]","[-2.4444  -1.27764 -0.57456 -0.5166  -0.43596 -0.38304 -0.27216 -0.24696
 -0.24444 -0.21924]",-5.60393,-5.72216
129,ADP,20070920,65,649817,1888291,0.03657,0.03509,0.34413,-0.02016,0.0,0.34267,0.358,0.19908,0.21924,-0.07409,0.01358,-0.1005,-0.34422,"[0.27216 0.27468 0.3276  0.43596 0.43596 0.43596 0.4914  0.59976 0.71064
 0.7308 ]","[0.27468 0.29988 0.41076 0.43596 0.43596 0.4914  0.4914  0.57204 0.76608
 0.76608]","[-0.81648 -0.6552  -0.43596 -0.3276  -0.3276  -0.32508 -0.21924 -0.21924
 -0.21924 -0.21672]","[-0.78876 -0.6552  -0.48888 -0.41076 -0.3276  -0.3276  -0.32508 -0.21924
 -0.21924 -0.19152]",-0.96771,-0.96781
